cursor,elapsed_seconds
,0.18419265747070312
,0.015378236770629883
,0.30442261695861816
,0.017190217971801758
,0.2427387237548828
,0.025165319442749023
,0.12421178817749023
,0.0270688533782959
,0.2561182975769043
,0.021215200424194336
,0.23846077919006348
,0.0407865047454834
,0.17603516578674316
,0.03522062301635742
,0.10651206970214844
,0.03804278373718262
,0.12719249725341797
,0.03676199913024902
,0.08622193336486816
,0.03219103813171387
,0.12335777282714844
,0.10033941268920898
,0.21496152877807617
,0.08499431610107422
,0.19816279411315918
,0.06735587120056152
,0.2578132152557373
,0.10661792755126953
,0.11177420616149902
,0.07895827293395996
,0.15726423263549805
,0.08218646049499512
,0.11752462387084961
,0.07038998603820801
,0.15503883361816406
,0.1235957145690918
,0.21002840995788574
,0.1426072120666504
,0.2088158130645752
,0.13172411918640137
,0.16477251052856445
,0.17221355438232422
,0.1795823574066162
,0.16729521751403809
,0.5019388198852539
,0.1124718189239502
,0.3400588035583496
,0.2138221263885498
,0.20350146293640137
,0.1757216453552246
,0.27468156814575195
,0.20056390762329102
,0.14986920356750488
,0.07515549659729004
,0.19905972480773926
,0.11973166465759277
,0.23082661628723145
,0.17516827583312988
,0.211259126663208
,0.16869497299194336
,0.14287686347961426
,0.19762778282165527
,0.16909527778625488
,0.19724416732788086
,0.14330267906188965
,0.13028955459594727
,0.14269232749938965
,0.15935397148132324
,0.18485498428344727
,0.15907931327819824
,0.15677547454833984
,0.17867445945739746
,0.13224172592163086
,0.10974311828613281
,0.14705657958984375
,0.14975595474243164
,0.19400238990783691
,0.19414353370666504
,0.15387892723083496
,0.23827743530273438
,0.14766526222229004
,0.14459729194641113
,0.16570544242858887
,0.15279793739318848
,0.16981911659240723
,0.19196581840515137
,0.1201479434967041
,0.16702914237976074
,0.10925960540771484
,0.1615447998046875
,0.10597348213195801
,0.21201634407043457
,0.22927379608154297
,0.29644322395324707
,0.15923666954040527
,0.2290332317352295
,0.18386220932006836
,0.23523712158203125
,0.19026613235473633
,0.1906604766845703
