cursor,elapsed_seconds
,0.02249884605407715
,0.022609472274780273
,0.015942811965942383
,0.01141047477722168
,0.010861873626708984
,0.015027284622192383
,0.007745265960693359
,0.014207124710083008
,0.012503862380981445
,0.015108346939086914
,0.02082347869873047
,0.01872849464416504
,0.015951871871948242
,0.009820222854614258
,0.014497518539428711
,0.016401052474975586
,0.019358396530151367
,0.01921987533569336
,0.013750791549682617
,0.020987272262573242
,0.019241809844970703
,0.011982440948486328
,0.02123546600341797
,0.020743608474731445
,0.018676042556762695
,0.011121988296508789
,0.011549234390258789
,0.009261608123779297
,0.018674612045288086
,0.05900454521179199
,0.01833200454711914
,0.0190887451171875
,0.015050172805786133
,0.013007402420043945
,0.013457536697387695
,0.016223907470703125
,0.012625455856323242
,0.009918928146362305
,0.015871524810791016
,0.015944957733154297
,0.01349496841430664
,0.014435291290283203
,0.031836748123168945
,0.01420736312866211
,0.019174814224243164
,0.016368865966796875
,0.013527870178222656
,0.010613203048706055
,0.013358831405639648
,0.010294675827026367
,0.023696422576904297
,0.01605701446533203
,0.01621532440185547
,0.018671512603759766
,0.0175626277923584
,0.013576269149780273
,0.013406515121459961
,0.011124372482299805
,0.01571941375732422
,0.014441251754760742
,0.013029336929321289
,0.010407686233520508
,0.011304855346679688
,0.014146566390991211
,0.012058258056640625
,0.011653661727905273
,0.010824918746948242
,0.011012792587280273
,0.01306009292602539
,0.010126590728759766
,0.012856483459472656
,0.02378058433532715
,0.016586780548095703
,0.018659114837646484
,0.014246702194213867
,0.013706207275390625
,0.01576066017150879
,0.011355161666870117
,0.01161050796508789
,0.012602567672729492
,0.013089418411254883
,0.013972282409667969
,0.009572744369506836
,0.008789300918579102
,0.010438203811645508
,0.013730049133300781
,0.022951126098632812
,0.012398004531860352
,0.010343551635742188
,0.022457599639892578
,0.013483524322509766
,0.024858474731445312
,0.013935327529907227
,0.020238399505615234
,0.014006853103637695
,0.013877391815185547
,0.011873483657836914
,0.012517213821411133
,0.012576580047607422
,0.00822591781616211
