cursor,elapsed_seconds
,0.01862812042236328
,0.007741212844848633
,0.012677192687988281
,0.029747962951660156
,0.015919208526611328
,0.015956878662109375
,0.023412704467773438
,0.021613359451293945
,0.017993450164794922
,0.03364157676696777
,0.03429603576660156
,0.039173126220703125
,0.034394264221191406
,0.0314483642578125
,0.03038763999938965
,0.0321660041809082
,0.03742861747741699
,0.040830373764038086
,0.06832551956176758
,0.0461423397064209
,0.05460953712463379
,0.043515920639038086
,0.07327556610107422
,0.045401573181152344
,0.07621431350708008
,0.06636667251586914
,0.06761503219604492
,0.05387306213378906
,0.09661674499511719
,0.05998635292053223
,0.06949234008789062
,0.07119274139404297
,0.05667686462402344
,0.09579920768737793
,0.08643174171447754
,0.05517911911010742
,0.056977272033691406
,0.06239151954650879
,0.06908941268920898
,0.07087993621826172
,0.0587916374206543
,0.07826018333435059
,0.07235407829284668
,0.13945364952087402
,0.11297440528869629
,0.1091010570526123
,0.09439992904663086
,0.1432507038116455
,0.12229442596435547
,0.1822645664215088
,0.25370144844055176
,0.15889358520507812
,0.14333319664001465
,0.12975382804870605
,0.10271000862121582
,0.10990214347839355
,0.16096043586730957
,0.15056490898132324
,0.14750432968139648
,0.1921672821044922
,0.15608811378479004
,0.14197874069213867
,0.1594099998474121
,0.22468256950378418
,0.20947647094726562
,0.3979756832122803
,0.2664961814880371
,0.26403141021728516
,0.27342677116394043
,0.20795774459838867
,0.2546122074127197
,0.25183701515197754
,0.2729017734527588
,0.256622314453125
,0.21014046669006348
,0.196702241897583
,0.21205496788024902
,0.19794440269470215
,0.21398258209228516
,0.19577407836914062
,0.23689985275268555
,0.2581028938293457
,0.17474603652954102
,0.1854252815246582
,0.15197515487670898
,0.20775127410888672
,0.20172929763793945
,0.1771221160888672
,0.20304226875305176
,0.17671418190002441
,0.20721721649169922
,0.14881563186645508
,0.2680191993713379
,0.15326476097106934
,0.2671966552734375
,0.17521357536315918
,0.21593332290649414
,0.19084501266479492
,0.18523073196411133
,0.23284292221069336
