cursor,elapsed_seconds
,0.02632617950439453
,0.008402347564697266
,0.009816169738769531
,0.013976812362670898
,0.010627031326293945
,0.011795282363891602
,0.009364128112792969
,0.013167142868041992
,0.012877464294433594
,0.015942811965942383
,0.016010761260986328
,0.01153421401977539
,0.015070676803588867
,0.014104127883911133
,0.010760068893432617
,0.014627695083618164
,0.01593184471130371
,0.016216039657592773
,0.016167402267456055
,0.01593947410583496
,0.011951208114624023
,0.014173030853271484
,0.014693260192871094
,0.018220901489257812
,0.021381855010986328
,0.027420759201049805
,0.010949850082397461
,0.016144275665283203
,0.016132593154907227
,0.018208980560302734
,0.014046430587768555
,0.01875901222229004
,0.010962724685668945
,0.011395454406738281
,0.027637481689453125
,0.02545332908630371
,0.020028114318847656
,0.012014627456665039
,0.013514518737792969
,0.020883560180664062
,0.01590704917907715
,0.01610589027404785
,0.01407170295715332
,0.017789602279663086
,0.009531974792480469
,0.01190948486328125
,0.010049819946289062
,0.015720129013061523
,0.013891458511352539
,0.014958620071411133
,0.01605534553527832
,0.025097370147705078
,0.027751445770263672
,0.017220735549926758
,0.011126279830932617
,0.01309657096862793
,0.012349843978881836
,0.011607646942138672
,0.015247344970703125
,0.01773214340209961
,0.018165111541748047
,0.019325971603393555
,0.012790203094482422
,0.01782965660095215
,0.01334381103515625
,0.013546466827392578
,0.01586294174194336
,0.016087055206298828
,0.010380983352661133
,0.013480663299560547
,0.01962113380432129
,0.01623821258544922
,0.012508153915405273
,0.01281881332397461
,0.03454852104187012
,0.013245820999145508
,0.018828868865966797
,0.017994403839111328
,0.021215438842773438
,0.01735830307006836
,0.02886652946472168
,0.010421276092529297
,0.014410018920898438
,0.021575450897216797
,0.012446403503417969
,0.010661602020263672
,0.01081705093383789
,0.010521173477172852
,0.03155088424682617
,0.01602315902709961
,0.01136636734008789
,0.015099525451660156
,0.0170900821685791
,0.016061067581176758
,0.021755456924438477
,0.01657891273498535
,0.009829044342041016
,0.012913942337036133
,0.012904882431030273
,0.010436773300170898
