name,url,status,variant,price_brl,old_price_brl,pix_price_brl,image_url
Amora Gigante Portuguesa,https://www.plantei.com.br/muda-de-amora-gigante-portuguesa,available,Unidade,41.75,44.9,,https://images.tcdn.com.br/img/img_prod/350075/muda_de_amora_gigante_portuguesa_feita_de_estaca_699_1_8458926ee4205b0e65e0111833c1ee9b.jpg
Orquídea Baunilha (Vanilla planifolia),https://www.plantei.com.br/muda-orquidea-baunilha-vanilla-planifolia,available,Unidade,52.91,56.9,,https://images.tcdn.com.br/img/img_prod/350075/muda_de_orquidea_baunilha_vanilla_planifolia_feita_de_estaca_14831_1_305c5ee2e459c8bbeef253f64c47206d.jpg
Samambaia Havaiana Mini Cuia 13,https://www.plantei.com.br/mini-samambaia-havaiana,available,Unidade,12.9,,,https://images.tcdn.com.br/img/img_prod/350075/mini_samambaia_havaiana_cuia_13_9454_1_20220412114309.jpg
Philodendron Pink Princess - Raro e Exótico com Folhagem Rosa,https://www.plantei.com.br/philodendron-pink-princess,available,Unidade,30.9,,,https://images.tcdn.com.br/img/img_prod/350075/muda_de_philodendron_pink_princess_pote_17_philodendro_17968_1_f15c1639f2ce0a08aa39db6647e2b741.jpeg
Rosa do Deserto Pequena Pote 06,https://www.plantei.com.br/muda-de-rosa-do-deserto-pequena,available,Unidade,10.9,,,https://images.tcdn.com.br/img/img_prod/350075/muda_de_rosa_do_deserto_pequena_17115_1_6dda9e6a61b57c3a8e42578787c888e5.jpg
Jiboia Njoy Cuia 13,https://www.plantei.com.br/mudas/folhagens/muda-de-jiboia-njoy-cuia-13,available,Unidade,24.9,,,https://images.tcdn.com.br/img/img_prod/350075/muda_de_jiboia_njoy_cuia_13_16863_5_f7d0da6e5436c7e8f79dbc161acb3797.jpg
Lichia Bengal,https://www.plantei.com.br/muda-de-lichia-bengal,available,Unidade,69.9,,,https://images.tcdn.com.br/img/img_prod/350075/muda_de_lichia_bengal_feita_de_alporque_1597_1_20220412114217.jpg
Palmeira Areca Bambu Pote 11,https://www.plantei.com.br/palmeira-areca-bambu-pote-11,available,Unidade,15.9,,,https://images.tcdn.com.br/img/img_prod/350075/palmeira_areca_bambu_pote_11_9450_1_caa418fee6213d5bd5f5fa5b3cb7e7fa_20220412114302.jpg
Fruta do Milagre,https://www.plantei.com.br/muda-de-fruta-do-milagre,available,Unidade,54.77,58.9,,https://images.tcdn.com.br/img/img_prod/350075/muda_de_fruta_do_milagre_14793_1_9d3f463120dcb304797adb624d75d449.jpg
Jiboia Verde Cuia 21,https://www.plantei.com.br/muda-de-jiboia-verde-cuia-21,available,Unidade,31.9,,,https://images.tcdn.com.br/img/img_prod/350075/muda_de_jiboia_variada_cuia_21_8786_1_a176a7b9a793b0891cc61ca15bc24898.jpg
Ora Pro Nóbis,https://www.plantei.com.br/muda-de-ora-pro-nobis,available,Unidade,39.9,,,https://images.tcdn.com.br/img/img_prod/350075/muda_de_ora_pro_nobis_2971_2_20220412114325.jpg
Mirtilo Blueberry Climax,https://www.plantei.com.br/muda-de-mirtilo-blueberry,available,Unidade,89.9,,,https://images.tcdn.com.br/img/img_prod/350075/muda_de_mirtilo_blueberry_woodard_produzindo_670_1_20220412114212.jpg
Flor de Maio Pote Tamanho 11 - Cor Sortida,https://www.plantei.com.br/flor-de-maio-pote-11-cores-variadas,available,Unidade,18.9,,,https://images.tcdn.com.br/img/img_prod/350075/muda_de_flor_de_maio_pote_tamanho_11_cor_sortida_11581_8_4b97a2800ea943e6b498fadf9633de3b.png
Moringa (Moringa oleifera),https://www.plantei.com.br/muda-de-moringa,available,Unidade,39.9,,,https://images.tcdn.com.br/img/img_prod/350075/moringa_1_20251207125202_749b08cfe673.jpg
Abacaxi Roxo Tradescantia Spathacea Pote 11,https://www.plantei.com.br/muda-de-abacaxi-roxo-pote-11,available,Unidade,13.9,,,https://images.tcdn.com.br/img/img_prod/350075/muda_de_abacaxi_roxo_tradescantia_spathacea_pote_11_14031_1_beec6da6c38cd3403a4f11653d77196d.jpg
Fruta do Sabiá,https://www.plantei.com.br/muda-de-fruta-do-sabia,available,Unidade,41.9,,,https://images.tcdn.com.br/img/img_prod/350075/muda_de_fruta_do_sabia_com_70cm_feita_de_estaca_5059_1_20220412114217.jpg
Peperômia Mini Variada Cuia 13,https://www.plantei.com.br/muda-de-peperomia-mini-variada-cuia-13,available,Unidade,11.9,,,https://images.tcdn.com.br/img/img_prod/350075/muda_de_peperomia_mini_variada_cuia_13_12429_4_1fb4082deac175e25a977e086e0feab5.jpeg
Guaimbê (Philodendron bipinnatifidum) - Folhagem Tropical Escultural,https://www.plantei.com.br/muda-de-guaimbe,available,Unidade,31.9,,,https://images.tcdn.com.br/img/img_prod/350075/muda_de_guaimbe_feita_de_semente_fc_14829_1_ef69479399876e8c261ec8c4df077cc9_20220412114309.jpg
Monstera Obliqua Adansonii Pote 15,https://www.plantei.com.br/muda-de-monstera-obliqua-adansonii,available,Unidade,24.9,,,https://images.tcdn.com.br/img/img_prod/350075/muda_de_monstera_obliqua_adansonii_pote_15_18315_1_d3be4fe110e1875879cdfd3989140571.jpg
Ficus Lyrata Bambino Pote 15,https://www.plantei.com.br/mudas/folhagens/muda-de-ficus-lyrata-bambino-pote-15,available,Unidade,36.17,38.9,,https://images.tcdn.com.br/img/img_prod/350075/muda_de_ficus_lyrata_bambino_pote_15_17157_1_9bba56a8e896568189d7d4b0b0654417.jpg
Begônia Dark Mambo,https://www.plantei.com.br/mudas/folhagens/muda-de-begonia-dark-mambo,available,Unidade,19.9,,,https://images.tcdn.com.br/img/img_prod/350075/muda_de_begonia_dark_mambo_pote_11_17471_1_3a8cfb6dbc6a448c7b76dd99b4e03bf9.jpg
Pitaya Vermelha,https://www.plantei.com.br/muda-de-pitaya-vermelha,available,Unidade,45.9,,,https://images.tcdn.com.br/img/img_prod/350075/muda_de_pitaya_vermelha_40cm_feita_de_estaca_6039_1_20220412114217.jpg
Zamioculca Pote 17,https://www.plantei.com.br/zamioculca-pote-17,available,Unidade,46.9,,,https://images.tcdn.com.br/img/img_prod/350075/muda_de_zamioculca_pote_17_9456_1_7f9a035b58359cfec0c68f70241f2759.jpg
Bambu da Sorte Pote 06,https://www.plantei.com.br/mudas/folhagens/muda-de-bambu-da-sorte-pote-06,available,Unidade,24.9,,,https://images.tcdn.com.br/img/img_prod/350075/muda_de_bambu_da_sorte_pote_06_17219_1_e259b4ae3a61cf619b7799bd9318a36a.jpg
Antúrio Mini Million Flowers Vermelho - Beleza Compacta para Seu Ambiente,https://www.plantei.com.br/muda-anturio-mini-million-flowers-vermelho,available,Unidade,29.9,,,https://images.tcdn.com.br/img/img_prod/350075/muda_de_anturio_mini_million_flowers_vermelho_pote_09_18763_1_23cc8a3a20e3492a96df41b446a4b9c2.jpeg
Begônia Maculata Pote 15,https://www.plantei.com.br/mudas/folhagens/muda-de-begonia-maculata,available,Unidade,29.9,,,https://images.tcdn.com.br/img/img_prod/350075/muda_de_begonia_maculata_pote_13_16755_1_4bb90c5114e179765bc904beadccc660.jpg
Maranta Tricolor ou Calathea Triostar Pote 12 Trialstar,https://www.plantei.com.br/mudas/folhagens/muda-de-maranta-ou-calathea-trialstar-pote-12,available,Unidade,49.9,,,https://images.tcdn.com.br/img/img_prod/350075/maranta_tricolor_ou_calathea_triostar_pote_12_tria_1_20260115074334_77d41a87f4da.png
Alocasia Polly Pote 12,https://www.plantei.com.br/mudas/folhagens/muda-de-alocasia-amazonica-pote-12,available,Unidade,19.9,,,https://images.tcdn.com.br/img/img_prod/350075/muda_de_alocasia_polly_pote_12_16839_1_9215eb8badf7e3d30f90861140400165.jpg
Hedera Verde Cuia 21,https://www.plantei.com.br/hedera-verde-cuia-21,available,Unidade,38.9,,,https://images.tcdn.com.br/img/img_prod/350075/hera_da_algeria_cuia_21_10363_1_20220412114304.jpg
Primavera Cor Sortida (Bougainvillea spectabilis),https://www.plantei.com.br/muda-de-primavera-cor-sortida,available,Unidade,32.45,34.9,,https://images.tcdn.com.br/img/img_prod/350075/primavera_cor_sortida_bougainvillea_spectabilis_1_20260115075627_1ca5dc224225.jpg
Peperômia Scandens Cuia 21,https://www.plantei.com.br/mudas/folhagens/muda-de-peperomia-scandens-cuia-21,available,Unidade,25.9,,,https://images.tcdn.com.br/img/img_prod/350075/muda_de_peperomia_scandens_cuia_21_15453_1_cd7e24205fe2393e3962b7aac6ae7035.jpg
Tostão ou Dinheiro em Penca Cuia 21,https://www.plantei.com.br/tostao-ou-dinheiro-em-penca-cuia-21,available,Unidade,31.9,,,https://images.tcdn.com.br/img/img_prod/350075/tosto_ou_dinheiro_em_penca_cuia_21_1_20260311141910_9b86f205b511.jpg
Lírio da Paz (Spathiphyllum) Pote 15,https://www.plantei.com.br/spathiphyllum-lirio-da-paz-pote-15,available,Unidade,26.9,,,https://images.tcdn.com.br/img/img_prod/350075/vaso_de_lirio_da_paz_spathiphyllum_pote_15_10367_1_20220412114301.jpg
Framboesa Negra,https://www.plantei.com.br/muda-de-framboesa-europeia,available,Unidade,65.0,,,https://images.tcdn.com.br/img/img_prod/350075/framboesa_negra_1_20250911173522_cfed42a27bba.jpg
Jiboia Branca Cuia 21,https://www.plantei.com.br/muda-de-jiboia-branca-cuia-21,available,Unidade,38.9,,,https://images.tcdn.com.br/img/img_prod/350075/jiboia_branca_cuia_21_1_20260119162315_48e690bb429c.jpeg
Philodendron Birkin (Filodendro Birkin),https://www.plantei.com.br/muda-philodendro-birkin,available,Unidade,24.9,,,https://images.tcdn.com.br/img/img_prod/350075/muda_de_philodendro_birkin_pote_12_17605_1_23bc867845259f811ba9069c1f11b0e5.jpg
Maçã Eva,https://www.plantei.com.br/muda-de-maca-eva,available,Unidade,105.9,,,https://images.tcdn.com.br/img/img_prod/350075/muda_de_maca_eva_com_70cm_feita_por_enxerto_5065_1_20220412114217.jpg
Samambaia Asplênio Crespo pote 14,https://www.plantei.com.br/muda-de-asplenio-crespo-pote-14,available,Unidade,20.9,,,https://images.tcdn.com.br/img/img_prod/350075/muda_de_samambaia_asplenio_crespo_pote_14_12423_1_d4bbce2d4c6e62d6cfa601252369fddd.jpg
Antúrio Vanilla - Beleza Exótica para Ambientes Internos,https://www.plantei.com.br/muda-anturio-vanilla,available,Unidade,35.9,,,https://images.tcdn.com.br/img/img_prod/350075/muda_de_anturio_vanilla_pote_09_18415_1_ff3c986466b579edd84efddb756e5304.jpg
Samambaia de Metro Paulistinha Cuia 21,https://www.plantei.com.br/mudas/folhagens/muda-de-samambaia-de-metro-paulistinha-cuia-21,available,Unidade,44.9,,,https://images.tcdn.com.br/img/img_prod/350075/muda_de_samambaia_de_metro_paulistinha_cuia_21_16401_1_fe121146ad1d700eb42396030c3c9271.jpg
Caju Anão CCP76 Precoce,https://www.plantei.com.br/muda-de-caju-anao,available,Unidade,49.9,,,https://images.tcdn.com.br/img/img_prod/350075/muda_de_caju_30cm_feita_de_semente_5933_1_20220412114222.jpg
Cereja de Madagascar,https://www.plantei.com.br/muda-de-cereja-de-madagascar,available,Unidade,41.9,,,https://images.tcdn.com.br/img/img_prod/350075/muda_de_cereja_de_madagascar_feita_de_semente_767_1_20220412114218.png
Cipó-Alho (Mansoa alliacea),https://www.plantei.com.br/muda-de-cipo-alho-mansoa,available,Unidade,89.9,,,https://images.tcdn.com.br/img/img_prod/350075/muda_de_cipo_alho_mansoa_alliacea_feita_de_estaca_15627_1_fc29a6b98ab2232c6a7f9c32e0df9eb8_20220412114304.jpg
Mini Lírio da Paz Spathiphyllum Pote 11,https://www.plantei.com.br/mudas/flores/muda-de-lirio-da-paz-mini-spathiphyllum-pote-11,available,Unidade,18.9,,,https://images.tcdn.com.br/img/img_prod/350075/muda_de_lirio_da_paz_spathiphyllum_pote_11_18719_1_1a9fd43945274b9f2631fd3ddd319168.jpg
Pimenta do Reino,https://www.plantei.com.br/muda-de-pimenta-do-reino,available,Unidade,65.9,,,https://images.tcdn.com.br/img/img_prod/350075/muda_de_pimenta_do_reino_aproximadamente_1_00m_1531_1_20220412114228.jpg
Sapatinho de Judia,https://www.plantei.com.br/muda-de-sapatinho-de-judia,available,Unidade,46.4,49.9,,https://images.tcdn.com.br/img/img_prod/350075/muda_de_sapatinho_de_judia_feita_por_estaca_85cm_6951_1_20220412114304.jpg
Peperômia Melância Cuia 21,https://www.plantei.com.br/mudas/folhagens/peperomia-melancia-cuia-21,available,Unidade,32.9,,,https://images.tcdn.com.br/img/img_prod/350075/muda_de_peperomia_melancia_cuia_21_16723_1_e70a6db0224f2dfa33684f5e7561ef13.jpg
Dieffenbachia ou Comigo Ninguém Pode - Variedade Sortida,https://www.plantei.com.br/comigo-ninguem-pode,available,Unidade,37.9,,,https://images.tcdn.com.br/img/img_prod/350075/dieffenbachia_ou_comigo_ningum_pode_variedade_s_1_20250917125743_84d0804004db.jpeg
Cacau,https://www.plantei.com.br/muda-de-cacau,available,Unidade,42.68,45.9,,https://images.tcdn.com.br/img/img_prod/350075/muda_de_cacau_de_semente_2969_1_20220412114217.jpg
Pau Brasil,https://www.plantei.com.br/muda-de-pau-brasil,available,Unidade,49.9,,,https://images.tcdn.com.br/img/img_prod/350075/muda_de_pau_brasil_feita_por_semente_9680_3_20220412114304.jpg
Jiboia Amarela Pendente Cuia 21,https://www.plantei.com.br/mudas/folhagens/muda-de-jiboia-amarela-pendente-cuia-21,available,Unidade,31.9,,,https://images.tcdn.com.br/img/img_prod/350075/muda_de_jiboia_amarela_pendente_cuia_21_17717_1_252ecddef66dec2da888fbc26488de7f.jpg
Costela de Adão Monstera Deliciosa Pote 23,https://www.plantei.com.br/muda-de-costela-de-adao-monstera-deliciosa-pote-23,available,Unidade,72.9,,,https://images.tcdn.com.br/img/img_prod/350075/muda_de_costela_de_adao_monstera_deliciosa_12069_1_f10cddb4f26e82fdf55ebc4e009beb51.jpg
Dama da Noite,https://www.plantei.com.br/muda-de-dama-da-noite,available,Unidade,49.9,,,https://images.tcdn.com.br/img/img_prod/350075/muda_de_dama_da_noite_80cm_feita_por_estaca_5923_1_20220412114305.jpg
Figo Roxo de Valinhos,https://www.plantei.com.br/muda-de-figo-roxo-de-valinhos,available,Unidade,59.9,,,https://images.tcdn.com.br/img/img_prod/350075/muda_de_figo_roxo_de_valinhos_90cm_feita_de_estaca_6029_1_20220412114217.jpg
Jiboia Prata Scindapsus Argyraeus Cuia 21,https://www.plantei.com.br/mudas/pendentes/muda-de-jiboia-prata-cuia-21,available,Unidade,34.9,,,https://images.tcdn.com.br/img/img_prod/350075/muda_de_jiboia_prata_scindapsus_argyraeus_cuia_21_17415_1_f6eaaaab6850daf5ea3b92bce99d83a1.jpg
Samambaia Saia Baiana,https://www.plantei.com.br/mudas/folhagens/muda-de-samambaia-saia-baiana,available,Unidade,39.51,44.9,,https://images.tcdn.com.br/img/img_prod/350075/muda_de_samambaia_saia_baiana_cuia_18_16411_1_59ca776a19a2b4268aa4a1c42b082ac5.jpeg
Romã Gigante,https://www.plantei.com.br/muda-de-roma-gigante,available,Unidade,41.9,,,https://images.tcdn.com.br/img/img_prod/350075/muda_de_roma_gigante_85cm_feita_de_semente_7639_1_20220412114222.jpg
Dipladênia Cor Sortida,https://www.plantei.com.br/muda-de-dipladenia,available,Unidade,36.9,,,https://images.tcdn.com.br/img/img_prod/350075/muda_de_dipladenia_pote_15_18333_1_9406315bc43ba873864fca5f0de09d47.jpg
Goiaba Tailandesa ou Goiaba Suprema,https://www.plantei.com.br/muda-de-goiaba-tailandesa,available,Unidade,179.0,,,https://images.tcdn.com.br/img/img_prod/350075/muda_de_goiaba_tailandesa_45cm_feita_por_semente_5921_1_20220412114217.jpg
Maçã Julieta doce,https://www.plantei.com.br/muda-de-maca-julieta-doce,available,Unidade,105.9,,,https://images.tcdn.com.br/img/img_prod/350075/muda_de_maca_julieta_doce_90cm_feita_de_enxerto_6031_1_20220412114217.jpg
Coroa de Cristo Pote 11 Miliana Cactus Euphorbia Milii,https://www.plantei.com.br/muda-de-coroa-de-cristo-miliana-cactus-euphorbia-milii,available,Unidade,22.9,,,https://images.tcdn.com.br/img/img_prod/350075/muda_de_coroa_de_cristo_pote_11_miliana_cactus_euphorbia_milii_18299_1_c58e9ca3d194474d6ed90a5a87ee5164.jpg
Achachairu,https://www.plantei.com.br/muda-de-achachairu-semente,available,Unidade,49.9,,,https://images.tcdn.com.br/img/img_prod/350075/muda_de_achachairu_fruta_com_15cm_feita_de_semente_5071_1_20220412114217.jpg
Graviola,https://www.plantei.com.br/muda-de-graviola,available,Unidade,35.9,,,https://images.tcdn.com.br/img/img_prod/350075/muda_de_graviola_3143_1_20220412114216.jpg
Flor-de-São-Miguel (Petrea volubilis),https://www.plantei.com.br/muda-de-flor-sao-miguel,available,Unidade,46.4,49.9,,https://images.tcdn.com.br/img/img_prod/350075/flor_de_so_miguel_gigante_1_20251116080820_8022f5908754.jpg
Mirra ou Limonela (Limonete) feita de estaca,https://www.plantei.com.br/muda-de-mirra,available,Unidade,37.1,39.9,,https://images.tcdn.com.br/img/img_prod/350075/muda_de_mirra_ou_limonela_limonete_95cm_feita_de_estaca_6619_1_20220412114312.jpg
Uva Niágara Rosa,https://www.plantei.com.br/muda-de-uva-niagara-rosa,available,Unidade,111.9,,,https://images.tcdn.com.br/img/img_prod/350075/muda_de_uva_niagara_rosa_5319_1_20220412114239.jpg
Pitaya Branca,https://www.plantei.com.br/muda-de-pitaya-branca,available,Unidade,40.39,45.9,,https://images.tcdn.com.br/img/img_prod/350075/muda_de_pitaya_branca_35cm_feita_de_estaca_7689_1_20220412114223.jpg
Ficus Elastica Tineke,https://www.plantei.com.br/muda-de-ficus-elastica-tineke-velling,available,Unidade,58.9,,,https://images.tcdn.com.br/img/img_prod/350075/muda_de_ficus_elastica_tikene_p17_18165_1_df802b64949072666302fd4c16bb4fdb.jpg
Palmeira Raphis Pote 17,https://www.plantei.com.br/palmeira-raphis-pote-17,available,Unidade,49.9,,,https://images.tcdn.com.br/img/img_prod/350075/palmeira_raphis_pote_17_1_20250822132331_4c92eda4064b.png
Ameixa Nêspera,https://www.plantei.com.br/muda-de-ameixa-nespera,available,Unidade,39.9,,,https://images.tcdn.com.br/img/img_prod/350075/muda_de_ameixa_nespera_feita_por_semente_10641_1_20220412114239.jpg
"Paisagismo de Bolso - Folhas, por Carol Costa",https://www.plantei.com.br/paisagismo-de-bolso-folhas-por-carol-costa,available,Unidade,87.12,,,https://images.tcdn.com.br/img/img_prod/350075/paisagismo_de_bolso_folhas_por_carol_costa_18293_1_b502b9b821a9497811bcdbead1a0f204.jpg
Goiaba Paluma,https://www.plantei.com.br/muda-de-goiaba-paluma-de-semente,available,Unidade,35.9,,,https://images.tcdn.com.br/img/img_prod/350075/muda_de_goiaba_paluma_com_15cm_feita_por_estaca_5069_1_20220412114217.jpg
Lambari Tradescantia Zebrina Cuia 21,https://www.plantei.com.br/mudas/folhagens/muda-de-lambari-tradescantia-zebrina-cuia-21,available,Unidade,24.9,,,https://images.tcdn.com.br/img/img_prod/350075/muda_de_lambari_tradescantia_zebrina_cuia_21_16701_1_bc76454cd58539f3faac2b9ae9a9e874.jpg
Cravo da Índia,https://www.plantei.com.br/muda-de-cravo-da-india,available,Unidade,41.9,,,https://images.tcdn.com.br/img/img_prod/350075/muda_de_cravo_da_india_25cm_feita_de_semente_5925_1_20220412114217.jpg
Cróton Variado Pote 17,https://www.plantei.com.br/muda-de-croton-variado-pote-17,available,Unidade,45.9,,,https://images.tcdn.com.br/img/img_prod/350075/muda_de_croton_variado_pote_17_12439_1_6e74bcb9cbff7bb029101fd4ba5e47a7.jpg
Atemóia,https://www.plantei.com.br/muda-de-atemoia,available,Unidade,129.9,,,https://images.tcdn.com.br/img/img_prod/350075/muda_de_atemoia_80cm_feita_por_enxerto_5919_1_20220412114217.jpg
Eucalipto Arco-Íris,https://www.plantei.com.br/muda-de-eucalipto-arco-iris-eucalyptus,available,Unidade,40.39,45.9,,https://images.tcdn.com.br/img/img_prod/350075/muda_de_eucalipto_arco_iris_eucalyptus_deglupta_feita_de_semente_15033_1_0c832d382424df181b32892f531d0418.jpg
Noz Macadâmia,https://www.plantei.com.br/muda-de-noz-macadamia,available,Unidade,59.9,,,https://images.tcdn.com.br/img/img_prod/350075/muda_de_noz_macadamia_40cm_feita_de_semente_7119_1_20220412114223.jpg
Antúrio Branco Pote 12,https://www.plantei.com.br/mudas/flores/muda-de-anturio-branco-pote-12,available,Unidade,39.9,,,https://images.tcdn.com.br/img/img_prod/350075/antrio_branco_pote_12_1_20260115091249_0118269f5c13.png
Samambaia Chifre de Veado Cuia 21,https://www.plantei.com.br/mudas/folhagens/chifre-de-veado-cuia-21,available,Unidade,51.9,,,https://images.tcdn.com.br/img/img_prod/350075/muda_de_samambaia_chifre_de_veado_cuia_21_16805_1_404713168ffc19550044bfb511eb323b.jpg
Philodendro Minima (Mini Monstera) - Planta Trepadeira de Fácil Cultivo,https://www.plantei.com.br/muda-philodendro-minima,available,Unidade,49.9,,,https://images.tcdn.com.br/img/img_prod/350075/muda_de_philodendro_minima_mini_costela_de_adao_18765_1_174d617532612ad5992a2844907b7e9b.jpg
Primavera Pendente Variada Cuia 21,https://www.plantei.com.br/muda-de-primavera-pendente-variada,available,Unidade,114.9,,,https://images.tcdn.com.br/img/img_prod/350075/muda_de_primavera_pendente_variada_cuia_21_18307_1_162e2adf837a023ae3daff1f45ab30c7.jpg
Maranta ou Calathea Orbifolia Pote 12,https://www.plantei.com.br/muda-de-maranta-ou-calathea-orbifolia,available,Unidade,49.9,,,https://images.tcdn.com.br/img/img_prod/350075/muda_de_calathea_orbifolia_pote_12_18173_1_f2e4c2704e9394d85614d24cdce36268.jpg
Pêra Dágua,https://www.plantei.com.br/muda-de-pera-dagua,available,Unidade,104.9,,,https://images.tcdn.com.br/img/img_prod/350075/muda_de_pera_80cm_feita_de_enxerto_6843_1_20220412114219.jpg
Ficus Lyrata Pote 17,https://www.plantei.com.br/mudas/folhagens/ficus-lyrata-pote-17,available,Unidade,48.9,,,https://images.tcdn.com.br/img/img_prod/350075/ficus_lyrata_pote_17_16441_1_977be827c6dc493d4568b28e25d01999_20220412114310.jpg
Tâmara,https://www.plantei.com.br/muda-de-tamara-phoenix-dactylifera,available,Unidade,49.9,,,https://images.tcdn.com.br/img/img_prod/350075/muda_de_tamara_feita_de_semente_fc_14827_1_deac12a98a7150ffd9c8a5493b872923_20220412114245.jpg
Aphelandra Pote 15,https://www.plantei.com.br/mudas/folhagens/muda-de-aphelandra-pote-15,available,Unidade,15.9,,,https://images.tcdn.com.br/img/img_prod/350075/muda_de_aphelandra_pote_15_16847_3_41eb750eb8fb7e944e7b3c704a4fcf53.jpeg
Philodendron Brasil Cuia 21 Philodendro,https://www.plantei.com.br/mudas/folhagens/muda-de-philodendro-brasil-cuia-21,available,Unidade,34.9,,,https://images.tcdn.com.br/img/img_prod/350075/muda_de_philodendro_brasil_cuia_21_17135_1_6d53905d9f1189ac257d6e96d0936f6c.jpg
Hedera Variegata Cuia 21,https://www.plantei.com.br/muda-de-hedera-variegata,available,Unidade,38.9,,,https://images.tcdn.com.br/img/img_prod/350075/muda_de_hedera_variegato_cuia_18_18259_1_c6e65d0002d6e13dfacdddccf50e31aa.jpg
Coco,https://www.plantei.com.br/muda-de-coco-de-semente,available,Unidade,82.9,,,https://images.tcdn.com.br/img/img_prod/350075/muda_de_coco_feita_por_semente_9584_1_20220412114239.jpg
Suculenta Rhipsalis Variada Pote 11,https://www.plantei.com.br/mudas/suculentas/muda-de-rhipsalis-variada-pote-11,available,Unidade,15.9,,,https://images.tcdn.com.br/img/img_prod/350075/muda_de_rhipsalis_pote_11_17217_1_7b3d73bba862afdd7ad3af3ab5d36138.jpg
Amora Branca,https://www.plantei.com.br/muda-de-amora-branca,available,Unidade,41.9,,,https://images.tcdn.com.br/img/img_prod/350075/muda_de_amora_branca_feita_por_estaca_10343_1_20220412114239.jpg
Pitomba do Norte,https://www.plantei.com.br/muda-de-pitomba-do-norte,available,Unidade,65.9,,,https://images.tcdn.com.br/img/img_prod/350075/muda_de_pitomba_40cm_feita_de_semente_5931_1_20220412114217.jpg
Abacate Avocado Hass,https://www.plantei.com.br/muda-de-abacate-avocado-hass,available,Unidade,58.9,,,https://images.tcdn.com.br/img/img_prod/350075/muda_de_abacate_avocado_hass_feita_de_enxerto_12389_1_20220412114244.png
Uva sem semente,https://www.plantei.com.br/muda-de-uva-sem-sementes,available,Unidade,127.9,,,https://images.tcdn.com.br/img/img_prod/350075/muda_de_uva_sem_sementes_1m_feita_de_enxerto_6043_1_20220412114217.jpg
Maracujá Azedo,https://www.plantei.com.br/muda-de-maracuja-azedo,available,Unidade,36.9,,,https://images.tcdn.com.br/img/img_prod/350075/muda_de_maracuja_azedo_45cm_feita_de_semente_7647_1_20220412114239.jpg
Mamão Formosa,https://www.plantei.com.br/muda-de-mamao-formosa,available,Unidade,34.9,,,https://images.tcdn.com.br/img/img_prod/350075/muda_de_mamao_formosa_feita_de_semente_9734_1_20220412114239.jpg
Caqui Chocolate,https://www.plantei.com.br/muda-de-caqui-chocolate,available,Unidade,95.9,,,https://images.tcdn.com.br/img/img_prod/350075/muda_de_caqui_chocolate_80cm_feita_de_enxerto_7943_1_20220412114223.jpg
Araçá Vermelho,https://www.plantei.com.br/muda-de-araca-vermelho,available,Unidade,45.9,,,https://images.tcdn.com.br/img/img_prod/350075/muda_de_araca_vermelho_30cm_feita_de_semente_5927_1_20220412114217.jpg
Amor Agarradinho Rosa,https://www.plantei.com.br/plantas/trepadeiras/amor-agarradinho-rosa,available,Unidade,46.4,49.9,,https://images.tcdn.com.br/img/img_prod/350075/amor_agarradinho_rosa_1_20250908141015_5f617a36cdcb.jpg
Grumixama ou Grumichama,https://www.plantei.com.br/muda-de-grumixama,available,Unidade,45.9,,,https://images.tcdn.com.br/img/img_prod/350075/muda_de_grumixama_7697_1_20220412114223.jpg
Goiaba Amarela,https://www.plantei.com.br/muda-de-goiaba-amarela,available,Unidade,41.9,,,https://images.tcdn.com.br/img/img_prod/350075/muda_de_goiaba_amarela_75cm_feita_de_estaca_6437_1_20220412114218.jpg
Bacupari,https://www.plantei.com.br/muda-de-bacupari,available,Unidade,49.9,,,https://images.tcdn.com.br/img/img_prod/350075/muda_de_bacupari_45cm_feita_de_semente_7695_1_20220412114223.jpg
Abricó de Macaco,https://www.plantei.com.br/muda-de-abrico-de-macaco-semente,available,Unidade,49.9,,,https://images.tcdn.com.br/img/img_prod/350075/muda_de_abrico_de_macaco_feita_de_semente_fc_14779_1_d6184d2670be166aac623840cadbffc7_20220412114245.jpg
Tamarindo Tamarindeiro,https://www.plantei.com.br/muda-de-tamarindo-tamarindeiro,available,Unidade,34.9,,,https://images.tcdn.com.br/img/img_prod/350075/muda_de_tamarindo_com_40cm_tamarindeiro_feita_de_semente_5051_1_20220412114217.jpg
Maracujá Doce,https://www.plantei.com.br/muda-de-maracuja-doce,available,Unidade,39.9,,,https://images.tcdn.com.br/img/img_prod/350075/muda_de_maracuja_doce_85cm_feita_de_semente_7645_1_20220412114223.jpg
Ipê Amarelo ou Ipê de Jardim,https://www.plantei.com.br/muda-de-ipe-amarelo,available,Unidade,52.71,59.9,,https://images.tcdn.com.br/img/img_prod/350075/muda_de_ipe_amarelo_feita_de_semente_10793_1_22982d625a4f3f9ba8498cf5a6b049e7.jpg
Ipê Branco,https://www.plantei.com.br/muda-de-ipe-branco,available,Unidade,39.9,,,https://images.tcdn.com.br/img/img_prod/350075/muda_de_ipe_branco_feita_de_semente_10639_1_20220412114304.jpg
Lírio da Paz Sensation ou Lírio da Paz Gigante Pote 24,https://www.plantei.com.br/mudas/flores/muda-de-lirio-da-paz-sensation-ou-lirio-da-paz-gigante-pote-24,available,Unidade,72.9,,,https://images.tcdn.com.br/img/img_prod/350075/spathiphyllum_sensation_p24_sem_flor_18503_1_ff9ff4f550e803112ea1e7e6532bc7fd.jpeg
Goiaba Roxa,https://www.plantei.com.br/muda-de-goiaba-roxa-de-semente,available,Unidade,45.9,,,https://images.tcdn.com.br/img/img_prod/350075/muda_de_goiaba_roxa_25cm_feita_de_semente_6033_1_20220412114217.jpg
Pitaya Amarela,https://www.plantei.com.br/muda-de-pitaya-amarela,available,Unidade,45.9,,,https://images.tcdn.com.br/img/img_prod/350075/muda_de_pitaya_amarela_feita_de_estaca_10931_1_20220412114240.jpg
Ipê Rosa,https://www.plantei.com.br/muda-de-ipe-rosa,available,Unidade,39.9,,,https://images.tcdn.com.br/img/img_prod/350075/muda_de_ipe_rosa_feita_de_semente_10791_1_20220412114305.jpg
Cipó Rosa,https://www.plantei.com.br/muda-de-cipo-rosa-cuspidaria,available,Unidade,46.4,49.9,,https://images.tcdn.com.br/img/img_prod/350075/muda_de_cipo_rosa_cuspidaria_convoluta_feita_de_estaca_15091_1_5975bbac35531c2e0d47499dc157e2d3.jpg
Maranta ou Calathea Burle Marx pote 12,https://www.plantei.com.br/mudas/folhagens/muda-de-maranta-ou-calathea-burle-marx-pote-12,available,Unidade,58.9,,,https://images.tcdn.com.br/img/img_prod/350075/muda_de_maranta_ou_calathea_burle_marx_pote_12_15573_1_4024609614b8682769b90a43c96072ba_20220412114347.jpg
Abiu Ticuna do Amazonas,https://www.plantei.com.br/muda-de-abiu-ticuna-do-amazonas-semente,available,Unidade,58.9,,,https://images.tcdn.com.br/img/img_prod/350075/muda_de_abiu_ticuna_do_amazonas_pouteria_caimito_feita_de_semente_15337_1_9954e23719e4e8a572a205d529574152_20220412114250.jpg
Monstera Adansonii Cuia 21,https://www.plantei.com.br/mudas/folhagens/monstera-adansonii-cuia-21,available,Unidade,41.9,,,https://images.tcdn.com.br/img/img_prod/350075/muda_de_monstera_adansonii_cuia_21_17215_1_00286edb374c726e98fa18c80758dec8.jpg
Abiu Amarelo,https://www.plantei.com.br/muda-de-abiu-amarelo-semente,available,Unidade,49.9,,,https://images.tcdn.com.br/img/img_prod/350075/muda_de_abiu_amarelo_feita_de_semente_10915_1_20220412114240.jpg
Estrela do Norte (Randia formosa),https://www.plantei.com.br/plantas/paisagismo/estrela-do-norte,available,Unidade,61.28,,,https://images.tcdn.com.br/img/img_prod/350075/estrela_do_norte_randia_formosa_1_20250804082255_a13cee5a05d4.jpg
Acerola Doce,https://www.plantei.com.br/muda-de-acerola-doce-semente,available,Unidade,49.9,,,https://images.tcdn.com.br/img/img_prod/350075/muda_de_acerola_feita_de_estaca_10171_1_20220412114239.jpg
Samambaia Tiger Fern ou Samambaia Tigre,https://www.plantei.com.br/mudas/folhagens/muda-de-samambaia-tiger-fern,available,Unidade,34.9,,,https://images.tcdn.com.br/img/img_prod/350075/muda_de_samambaia_tiger_fern_cuia_21_18481_1_00adcb93ddcca2df9906747266f80d9a.png
Palmeira Areca Bambu Pote 24,https://www.plantei.com.br/muda-de-palmeira-areca-bambu-pote-24,available,Unidade,58.9,,,https://images.tcdn.com.br/img/img_prod/350075/muda_de_palmeira_areca_bambu_pote_24_12435_1_d24b62086caa97020a84782443ea971f.jpg
Uva Japonesa ou Chico Magro,https://www.plantei.com.br/muda-de-uva-japonesa,available,Unidade,37.1,39.9,,https://images.tcdn.com.br/img/img_prod/350075/muda_de_uva_japonesa_ou_chico_magro_feita_por_semente_12417_1_20220412114244.jpg
Sete Copas Africana,https://www.plantei.com.br/muda-de-sete-copas-africano,available,Unidade,59.9,,,https://images.tcdn.com.br/img/img_prod/350075/muda_de_sete_copas_africana_feita_de_semente_fc_14851_1_87fbe931c13dc90d8241f9ad3debcc04_20220412114305.jpg
Jasmim dos Poetas,https://www.plantei.com.br/mudas/trepadeiras/muda-de-jasmim-dos-poetas-feita-de-estaca,available,Unidade,49.9,,,https://images.tcdn.com.br/img/img_prod/350075/muda_de_jasmim_dos_poetas_feita_de_estaca_18759_1_b3980d78a7d48fb6b51936a687f70b91.jpg
Pitanga Anã do Cerrado,https://www.plantei.com.br/muda-de-pitanga-ana-do-cerrado-eugenia,available,Unidade,49.9,,,https://images.tcdn.com.br/img/img_prod/350075/muda_de_pitanga_ana_do_cerrado_feita_de_semente_fc_14803_1_1b1132fe7bd85ecb0bd90177e1d8e9d6_20220412114245.jpg
Ixora vermelha,https://www.plantei.com.br/mudas/flores/ixora-vermelho-saq,available,Unidade,11.9,,,https://images.tcdn.com.br/img/img_prod/350075/ixora_vermelha_1_20250911094916_1722bc94c7a7.png
Pau Mulato,https://www.plantei.com.br/muda-de-pau-mulato,available,Unidade,49.9,,,https://images.tcdn.com.br/img/img_prod/350075/muda_de_pau_mulato_feita_de_semente_fc_14835_1_07557a236894ef79d74f33ad0e6242c3_20220412114305.jpg
Flamboyant Vermelho,https://www.plantei.com.br/muda-de-flamboyant-vermelho,available,Unidade,43.91,49.9,,https://images.tcdn.com.br/img/img_prod/350075/muda_de_flamboyant_feita_de_semente_12153_1_20220412114305.jpg
Tumbérgia Azul (Thunbergia grandiflora),https://www.plantei.com.br/tumbergia-azul-thunbergia-grandiflora,available,Unidade,46.4,49.9,,https://images.tcdn.com.br/img/img_prod/350075/muda_de_tumbergia_feita_de_estaca_17994_2_7e1c0af8c19f950ce024c32842100721.jpg
Sansevieria Golden Hahnii - Mini Espada de São Jorge,https://www.plantei.com.br/plantas/folhagens/sansevieria-golden-hahnii-mini-espada-de-sao-jorge,available,Unidade,19.9,,,https://images.tcdn.com.br/img/img_prod/350075/sansevieria_golden_hahnii_mini_espada_de_so_jorg_1_20250920092945_d827d93bce08.jpg
Amor Agarradinho Branco,https://www.plantei.com.br/plantas-naturais/amor-agarradinho-branco,available,Unidade,54.77,58.9,,https://images.tcdn.com.br/img/img_prod/350075/amor_agarradinho_branco_1_20260309171528_50b7ca96b540.jpg
Ipê Roxo de Bola,https://www.plantei.com.br/muda-de-ipe-roxo,available,Unidade,45.9,,,https://images.tcdn.com.br/img/img_prod/350075/ip_roxo_de_bola_1_20250801131357_3b246b4883b9.jpg
Resedá (Lagerstroemia indica),https://www.plantei.com.br/muda-de-reseda,available,Unidade,39.9,,,https://images.tcdn.com.br/img/img_prod/350075/resed_rosa_lagerstroemia_indica_1_20250904145303_888e08bd806b.jpg
Philodendron Xanadu Pote 17 Philodendro,https://www.plantei.com.br/mudas/folhagens/muda-de-philodendron-xanadu-pote-17-philodendro,available,Unidade,44.9,,,https://images.tcdn.com.br/img/img_prod/350075/muda_de_philodendron_xanadu_pote_17_philodendro_18651_1_1a7308fa275f507b63efc816914323ae.jpg
Uchuva Physalis Peruviana,https://www.plantei.com.br/muda-de-uchuva-physalis-peruviana,available,Unidade,40.39,45.9,,https://images.tcdn.com.br/img/img_prod/350075/muda_de_uchuva_feita_de_estaca_fc_15111_1_813708bebe49f39ce246765163ed3c7a_20220412114250.jpg
Manga Bourbon Tradicional,https://www.plantei.com.br/muda-de-manga-bourbon,available,Unidade,69.43,,,https://images.tcdn.com.br/img/img_prod/350075/muda_de_manga_bourbon_tradicional_feita_por_enxerto_9726_1_20220412114239.jpg
Ficus Elastica Shivereana Moonshine (Falsa-Seringueira) - Folhagem Exótica,https://www.plantei.com.br/ficus-elastica-shivereana-moonshine-falsa-seringueira,available,Unidade,68.9,,,https://images.tcdn.com.br/img/img_prod/350075/muda_de_ficus_elastica_shivereana_moonshine_pote_17_18825_1_2e40e9473c7280ca2eb0bdd655098868.jpg
Rosa do Deserto cor sortida pote 11,https://www.plantei.com.br/muda-de-rosa-do-deserto-cores-sortidas-pote-11,available,Unidade,29.9,,,https://images.tcdn.com.br/img/img_prod/350075/muda_de_rosa_do_deserto_cores_sortidas_pote_11_12431_1_20220412114212.jpg
Mini Jabuticabeira Híbrida Precoce - Ideal para Cultivo em Vaso,https://www.plantei.com.br/plantas/frutiferas/mini-jabuticabeira-hibrida-precoce-ideal-para-cultivo-em-vaso,available,Unidade,325.4,,,https://images.tcdn.com.br/img/img_prod/350075/mini_jabuticabeira_hbrida_precoce_ideal_para_cul_1_20250921102639_3aec1432c605.jpg
Manga Rosa,https://www.plantei.com.br/muda-de-manga-rosa,available,Unidade,78.9,,,https://images.tcdn.com.br/img/img_prod/350075/muda_de_manga_rosa_feita_por_enxerto_17367_1_3f062f866120804aff27d1582d02a4a1.jpg
Guabiraba,https://www.plantei.com.br/muda-de-guabiraba-campomanesia-lineatifolia,available,Unidade,49.9,,,https://images.tcdn.com.br/img/img_prod/350075/muda_de_guabiraba_feita_de_semente_fc_14791_1_37616a59bcdb2f670a7cf0be80f53bc3_20220412114245.jpg
Longan Fruta Olho de Dragão,https://www.plantei.com.br/muda-de-longan-fruta-olho-de-dragao,available,Unidade,49.9,,,https://images.tcdn.com.br/img/img_prod/350075/muda_de_longan_fruta_olho_de_dragao_feita_de_semente_fc_15105_1_6b04a1273a27ffc89a9ff33b49dd42f6_20220412114250.jpg
Jasmim Manga,https://www.plantei.com.br/muda-de-jasmim-manga,available,Unidade,209.9,,,https://images.tcdn.com.br/img/img_prod/350075/muda_de_jasmim_manga_feita_por_estaca_10173_1_20220412114301.jpg
Manga Palmer,https://www.plantei.com.br/muda-de-manga-palmer-de-enxerto,available,Unidade,69.43,,,https://images.tcdn.com.br/img/img_prod/350075/muda_de_manga_palmer_feita_de_enxerto_fc_15423_1_2aee22bd6326c5b4947e65e9e4508a6f_20220412114250.jpg
Ficus Altissima (Figueira Amarela),https://www.plantei.com.br/muda-ficus-altissima,available,Unidade,58.9,,,https://images.tcdn.com.br/img/img_prod/350075/muda_de_ficus_altissima_pote_17_18799_1_7cf5dbc831b4f0cebc2d510eca355829.jpeg
Samambaia Rabo de Peixe Cuia 21,https://www.plantei.com.br/muda-de-samambaia-rabo-de-peixe,available,Unidade,36.9,,,https://images.tcdn.com.br/img/img_prod/350075/muda_de_samambaia_rabo_de_peixe_cuia_21_18335_1_c155466b63c86c7382b723e848afbc45.jpg
Santol (Sandoricum koetjape),https://www.plantei.com.br/muda-de-santol-sandoricum-koetjape,available,Unidade,89.0,,,https://images.tcdn.com.br/img/img_prod/350075/santol_1_20251207120447_781b45d2b6ba.jpg
Cabeludinha,https://www.plantei.com.br/muda-de-cabeludinha-eugenia-tomentosa,available,Unidade,40.39,45.9,,https://images.tcdn.com.br/img/img_prod/350075/muda_de_cabeludinha_feita_de_semente_fc_15063_1_83443905b584aef703cea02044f66154_20220412114250.jpg
Palmito Doce (Juçara),https://www.plantei.com.br/muda-de-palmito-doce-jucara,available,Unidade,49.9,,,https://images.tcdn.com.br/img/img_prod/350075/muda_de_palmito_doce_jucara_feita_de_semente_16041_1_0830be9e74d762949206356e7c277b76_20220412114302.jpg
Cassia Baiana,https://www.plantei.com.br/muda-de-cassia-baiana-senna,available,Unidade,40.39,45.9,,https://images.tcdn.com.br/img/img_prod/350075/muda_de_cassia_baiana_feita_de_semente_fc_15071_1_060155e1ffd2c5689ccfc052ba16e68f_20220412114306.jpg
Orquídea SLC Final Touch Mendenhall,https://www.plantei.com.br/plantas/orquideas/orquidea-slc-final-touch-mendenhall,available,Unidade,18.5,19.9,,https://images.tcdn.com.br/img/img_prod/350075/orqudea_slc_final_touch_mendenhall_1_20260101085357_473f05f22a03.jpg
Palmeira Raphis Pote 24,https://www.plantei.com.br/mudas/folhagens/muda-de-palmeira-raphis-pote-24,available,Unidade,74.9,,,https://images.tcdn.com.br/img/img_prod/350075/muda_de_palmeira_raphis_pote_24_12141_1_a6a709a549bb0b4dcb2830c8e57ee94a.jpg
Lágrima de Cristo Vermelha,https://www.plantei.com.br/muda-de-lagrima-de-cristo-vermelha,available,Unidade,65.9,,,https://images.tcdn.com.br/img/img_prod/350075/muda_de_lagrima_de_cristo_vermelha_clerodendron_feita_de_semente_fc_15409_1_85ad74722125f36b94ca9d474bcb72cb_20220412113958.jpg
Erva Baleeira,https://www.plantei.com.br/mudas/muda-de-erva-baleeira-feita-de-estaca,available,Unidade,59.9,,,https://images.tcdn.com.br/img/img_prod/350075/muda_de_erva_baleeira_feita_de_estaca_18499_1_818754d030281afb7ddebc95d4a78a2b.jpg
Tuia Strickita Pinheiro de Natal Pote 14,https://www.plantei.com.br/mudas/paisagismo/muda-de-tuia-strickita-pinheiro-de-natal-pote-14,available,Unidade,67.9,,,https://images.tcdn.com.br/img/img_prod/350075/muda_de_tuia_strickita_pinheiro_de_natal_pote_14_14485_1_20220412114305.jpg
Buxinho pote 20,https://www.plantei.com.br/buxinho-pote-20,available,Unidade,41.9,,,https://images.tcdn.com.br/img/img_prod/350075/buxinho_pote_20_10369_1_c6b95462586cac6596abf524df63d5b9.jpeg
Pinhão do Paraná,https://www.plantei.com.br/muda-de-pinhao-do-parana-araucaria,available,Unidade,52.71,59.9,,https://images.tcdn.com.br/img/img_prod/350075/muda_de_pinhao_do_parana_feita_de_semente_fc_14823_1_59561db13c777cff6f240909865093ad_20220412114245.jpg
Saritéia,https://www.plantei.com.br/muda-de-sariteia-feita-de-estaca,available,Unidade,49.9,,,https://images.tcdn.com.br/img/img_prod/350075/muda_de_sariteia_feita_de_estaca_18379_2_a4ad435f3742f8fbabeaf0e0566bb060.jpg
Orquídea Oncidium Volcano Queen Hula Halau,https://www.plantei.com.br/plantas/orquideas/orquidea-oncidium-volcano-queen-hula-halau,available,Unidade,18.5,19.9,,https://images.tcdn.com.br/img/img_prod/350075/orqudea_oncidium_volcano_queen_hula_halau_1_20260101085617_1cc566c5cc3a.jpg
Alamanda Roxa (Allamanda blanchetii) - Trepadeira Ornamental,https://www.plantei.com.br/mudas/trepadeiras/alamanda-roxa,available,Unidade,49.9,,,https://images.tcdn.com.br/img/img_prod/350075/muda_de_alamanda_roxa_18813_1_ff6c4c799775dc8bd2591c9c52a2b884.jpg
Ylang Ylang,https://www.plantei.com.br/muda-de-ylang-ylang,available,Unidade,52.71,59.9,,https://images.tcdn.com.br/img/img_prod/350075/muda_de_ylang_ylang_feita_de_semente_17990_1_724ecd06dbe02d0a33550ed6354a3e10.png
Zamioculca Chameleon ou Zamioculca Camaleão,https://www.plantei.com.br/plantas/folhagens/zamioculca-chameleon-ou-zamioculca-camaleao,available,Unidade,88.9,,,https://images.tcdn.com.br/img/img_prod/350075/zamioculca_chameleon_ou_zamioculca_camaleo_1_20250812105116_7d260d525e08.jpg
Agave Palito Pote 24,https://www.plantei.com.br/muda-de-agave-palito,available,Unidade,44.9,,,https://images.tcdn.com.br/img/img_prod/350075/muda_de_agave_palito_pote_17_14777_1_3ec2e95683fca8b90d57fa76df533856.jpg
Jambo Vermelho,https://www.plantei.com.br/muda-de-jambo-vermelho-jambosa,available,Unidade,39.9,,,https://images.tcdn.com.br/img/img_prod/350075/muda_de_jambo_vermelho_feita_de_semente_fc_14813_1_a56009f0ac50abc7f1131c4031924d56_20220412114245.jpg
Resedá Brasileiro Pau de Rosas,https://www.plantei.com.br/muda-de-reseda-brasileiro-pau-de-rosas,available,Unidade,65.9,,,https://images.tcdn.com.br/img/img_prod/350075/muda_de_reseda_brasileiro_pau_de_rosas_feita_de_semente_15035_1_23b65771873f6e91700dd400cc3cae66.jpg
Biribá,https://www.plantei.com.br/muda-de-biriba,available,Unidade,45.9,,,https://images.tcdn.com.br/img/img_prod/350075/muda_de_biriba_feita_de_semente_14511_1_babbefbfc4543b9bc0c46f1f90265d0e.jpeg
Pitangatuba,https://www.plantei.com.br/muda-de-pitangatuba-eugenia-neonitida,available,Unidade,57.99,65.9,,https://images.tcdn.com.br/img/img_prod/350075/muda_de_pitangatuba_feita_de_semente_fc_14825_1_b6acaf09fe33138dd7b0c6bf53d3c004_20220412114247.jpg
Árvore do Fogo (Brachychiton acerifolius),https://www.plantei.com.br/muda-arvore-do-fogo,available,Unidade,65.0,,,https://images.tcdn.com.br/img/img_prod/350075/muda_de_arvore_do_fogo_brachychiton_acerifolius_18803_1_8a44018c9730e97b3eb1913d15363c6d.jpg
Orquídea BLC Crispin Rosales,https://www.plantei.com.br/plantas/orquideas/orquidea-blc-crispin-rosales,available,Unidade,19.9,,,https://images.tcdn.com.br/img/img_prod/350075/orqudea_blc_crispin_rosales_1_20260101073623_b7af6d9a15d4.jpg
Aglaonema Siam Aurora,https://www.plantei.com.br/muda-de-aglaonema-siam-aurora,available,Unidade,65.91,,,https://images.tcdn.com.br/img/img_prod/350075/muda_de_aglaonema_siam_aurora_17437_1_27b0274d9efe34f9e4a56cf0341806e3.jpg
Abacate Manteiga (Persea americana),https://www.plantei.com.br/abacate-manteiga,available,Unidade,54.77,58.9,,https://images.tcdn.com.br/img/img_prod/350075/abacate_manteiga_persea_americana_1_20260207115156_ad906bef803b.jpg
Orquídea BLC Goldenzelle Egg Nog x Blc Mary´s Song,https://www.plantei.com.br/plantas/orquideas/orquidea-blc-goldenzelle-egg-nog-x-blc-mary-s-song,available,Unidade,19.9,,,https://images.tcdn.com.br/img/img_prod/350075/orqudea_blc_goldenzelle_egg_nog_x_blc_marys_song_1_20260101074054_c918cc4cf306.jpg
Orquídea BLC Momilani Rainbow #2,https://www.plantei.com.br/plantas/orquideas/orquidea-blc-momilani-rainbow-2,available,Unidade,19.9,,,https://images.tcdn.com.br/img/img_prod/350075/orqudea_blc_momilani_rainbow_2_1_20260101074825_1cdb0b5a8dae.jpg
Cojoba Brinco de Índio,https://www.plantei.com.br/muda-de-cojoba-brinco-de-indio,available,Unidade,42.15,47.9,,https://images.tcdn.com.br/img/img_prod/350075/muda_de_cojoba_brinco_de_indio_feita_de_semente_17387_1_0a666f7762d59941f09f612ecf59c02d.png
Orquídea Cattleya Labiata Tipo,https://www.plantei.com.br/plantas/orquideas/orquidea-cattleya-labiata-tipo,available,Unidade,19.9,,,https://images.tcdn.com.br/img/img_prod/350075/orqudea_cattleya_labiata_tipo_1_20260101085420_46a6bd6135ae.jpg
Orquídea BLC Chunyeah #2,https://www.plantei.com.br/plantas/orquideas/orquidea-blc-chunyeah-2,available,Unidade,19.9,,,https://images.tcdn.com.br/img/img_prod/350075/orqudea_blc_chunyeah_2_1_20260101072630_27b7121e42a9.jpg
Orquídea Oncidium Catatante Pacific Sun Sopt,https://www.plantei.com.br/plantas/orquideas/orquidea-oncidium-catatante-pacific-sun-sopt,available,Unidade,19.9,,,https://images.tcdn.com.br/img/img_prod/350075/orqudea_oncidium_catatante_pacific_sun_sopt_1_20260101085606_35177cd4b4c6.jpg
Jasmim do Caribe,https://www.plantei.com.br/muda-de-jasmim-do-caribe-feita-de-estaca,available,Unidade,40.39,45.9,,https://images.tcdn.com.br/img/img_prod/350075/muda_de_jasmim_do_caribe_feita_de_estaca_18267_1_ebd38e381db883c88f9456451b76d428.jpg
Orquídea Oncidium Beallara Tropic Splendor,https://www.plantei.com.br/plantas/orquideas/orquidea-oncidium-beallara-tropic-splendor,available,Unidade,19.9,,,https://images.tcdn.com.br/img/img_prod/350075/orqudea_oncidium_beallara_tropic_splendor_1_20260101085552_0befc9e8ff78.jpg
Kit Meu Pé de Amora Gigante Portuguesa com Vaso 28 litros,https://www.plantei.com.br/kit-meu-pe-de-amora-gigante-portuguesa-com-vaso-28-litros,available,Unidade,317.5,,,https://images.tcdn.com.br/img/img_prod/350075/kit_meu_pe_de_amora_gigante_portuguesa_com_vaso_28_litros_11819_1_3947d5d0f4bd7aac17d111f7c7cd4f99_20220412115744.jpg
Orquídea LC Drumbeat Heritage,https://www.plantei.com.br/plantas/orquideas/orquidea-lc-drumbeat-heritage,available,Unidade,19.9,,,https://images.tcdn.com.br/img/img_prod/350075/orqudea_lc_drumbeat_heritage_1_20260101081834_fada41a89283.jpg
Orquídea LC Haw Yuan Beauty Hong x LC Mikkie Nagata,https://www.plantei.com.br/plantas/orquideas/orquidea-lc-haw-yuan-beauty-hong-x-lc-mikkie-nagata,available,Unidade,19.9,,,https://images.tcdn.com.br/img/img_prod/350075/orqudea_lc_haw_yuan_beauty_hong_x_lc_mikkie_nagata_1_20260101082731_4c9b7c62ab0e.jpg
Orquídea BLC Nobiles Honey Pão de Mel,https://www.plantei.com.br/plantas/orquideas/orquidea-blc-nobiles-honey-pao-de-mel,available,Unidade,19.9,,,https://images.tcdn.com.br/img/img_prod/350075/orqudea_blc_nobiles_honey_po_de_mel_1_20260101075934_63545c2ba746.jpg
Orquídea Cattleya Hibrida Variada no Toquinho de Café,https://www.plantei.com.br/mudas/orquideas/muda-de-orquidea-no-toquinho-de-cafe,available,Unidade,92.07,,,https://images.tcdn.com.br/img/img_prod/350075/orquidea_cattleya_hibrida_variada_no_toquinho_de_cafe_18507_1_42812391c9634c2ca045b1e5ac3f55e7.jpg
Orquídea LC Haw Yuan Beauty Hong,https://www.plantei.com.br/plantas/orquideas/orquidea-lc-haw-yuan-beauty-hong,available,Unidade,19.9,,,https://images.tcdn.com.br/img/img_prod/350075/orqudea_lc_haw_yuan_beauty_hong_1_20260101082306_b795cda2d3d8.jpg
Jaracatiá,https://www.plantei.com.br/muda-de-jaracatia,available,Unidade,43.91,49.9,,https://images.tcdn.com.br/img/img_prod/350075/muda_de_jaracatia_feita_de_semente_17992_1_3a8425dca42b6c1e38c32b606a8c0510.jpg
Orquídea BLC NSA Linda Donna,https://www.plantei.com.br/plantas/orquideas/orquidea-blc-nsa-linda-donna,available,Unidade,19.9,,,https://images.tcdn.com.br/img/img_prod/350075/orqudea_blc_nsa_linda_donna_1_20260101080428_9ff7aa020d74.jpg
Manga Haden,https://www.plantei.com.br/muda-de-manga-haden,available,Unidade,78.9,,,https://images.tcdn.com.br/img/img_prod/350075/muda_de_manga_haden_feita_por_enxerto_16897_1_cb5de8690e1238932cbc44238d4acae1.jpg
Orquídea BLC Rose Whisper Suisei,https://www.plantei.com.br/plantas/orquideas/orquidea-blc-rose-whisper-suisei,available,Unidade,18.5,19.9,,https://images.tcdn.com.br/img/img_prod/350075/orqudea_blc_rose_whisper_suisei_1_20260101080840_37bdecc87895.jpg
Orquídea BLC Island Chayn Blumen Insel,https://www.plantei.com.br/plantas/orquideas/orquidea-blc-island-chayn-blumen-insel,available,Unidade,18.5,19.9,,https://images.tcdn.com.br/img/img_prod/350075/orqudea_blc_island_chayn_blumen_insel_1_20260101074423_c9a83cba1136.jpg
Pitanga Preta,https://www.plantei.com.br/plantas/frutiferas/pitanga-preta,available,Unidade,59.9,,,https://images.tcdn.com.br/img/img_prod/350075/pitanga_preta_5_20251104081439_c4f2636e3831.jpeg
Orquídea C Horace Maxima x BLC Chia Lin New City,https://www.plantei.com.br/plantas/orquideas/orquidea-c-horace-maxima-x-blc-chia-lin-new-city,available,Unidade,18.5,19.9,,https://images.tcdn.com.br/img/img_prod/350075/orqudea_c_horace_maxima_x_blc_chia_lin_new_city_1_20260101081329_2b3f47a40a35.jpg
Congéia (Congea tomentosa) - Trepadeira Ornamental de Flores Lilás,https://www.plantei.com.br/muda-de-congeia,available,Unidade,41.9,,,https://images.tcdn.com.br/img/img_prod/350075/muda_de_congeia_ou_congea_18811_1_7eee9c4bef0f3026b8b56ce500da331a.jpg
Aglaonema Karat P12,https://www.plantei.com.br/mudas/folhagens/aglaonema-karat-p12,available,Unidade,73.83,,,https://images.tcdn.com.br/img/img_prod/350075/aglaonema_karat_p12_18523_1_4f6b87781a3f683606d5970a3c76a8c1.png
Calicarpa Chinesa,https://www.plantei.com.br/muda-de-calicarpa,available,Unidade,49.9,,,https://images.tcdn.com.br/img/img_prod/350075/muda_de_calicarpa_chinesa_feita_de_estaca_17597_1_cbde1ea5d1e9e09aa1f2dc20737e3370.jpg
Orquídea LC Vicky Gold,https://www.plantei.com.br/plantas/orquideas/orquidea-lc-vicky-gold,available,Unidade,18.5,19.9,,https://images.tcdn.com.br/img/img_prod/350075/orqudea_lc_vicky_gold_1_20260101083135_539ccf67160f.jpg
Copaíba,https://www.plantei.com.br/mudas/nativas-reflorestamento/muda-de-copaiba-feita-de-semente,available,Unidade,49.0,,,https://images.tcdn.com.br/img/img_prod/350075/muda_de_copaiba_feita_de_semente_18703_1_78fc438eb75499f19243d387008fc963.jpg
Lofantera Chuva de Ouro Lanterneira,https://www.plantei.com.br/mudas/muda-de-lofantera-chuva-de-ouro-lanterneira,available,Unidade,49.9,,,https://images.tcdn.com.br/img/img_prod/350075/muda_de_lofantera_chuva_de_ouro_lanterneira_18893_1_8ecfbdbfe29f7cc9915519b400a54670.jpeg
Jatobá,https://www.plantei.com.br/muda-de-jatoba,available,Unidade,56.9,,,https://images.tcdn.com.br/img/img_prod/350075/muda_de_jatoba_feita_de_semente_17375_1_3acf2d592af1a393fb6e4ce6997297ea.jpg
Xantostemo ou Penda Dourada,https://www.plantei.com.br/muda-de-xantostemom-feita-de-estaca,available,Unidade,83.9,,,https://images.tcdn.com.br/img/img_prod/350075/muda_de_xantostemo_ou_penda_dourada_feita_de_estaca_18381_1_169e5421133556477f6b4ec5cac88012.jpg
Solandra Maxima Variegata,https://www.plantei.com.br/plantas/trepadeiras/solandra-maxima-variegata,available,Unidade,49.9,,,https://images.tcdn.com.br/img/img_prod/350075/solandra_maxima_variegata_1_20250731160400_cd8347064528.jpg
Kit Meu Pé de Cereja de Madagascar com Vaso 28 litros,https://www.plantei.com.br/kit-meu-pe-de-cereja-de-madagascar-com-vaso-28-litros,available,Unidade,307.5,,,https://images.tcdn.com.br/img/img_prod/350075/kit_meu_pe_de_cereja_de_madagascar_com_vaso_28_litros_11833_1_f522dfd39bbd878ce310784a41999e2f_20220412115752.jpg
Quisqualis Africano,https://www.plantei.com.br/mudas/muda-de-quisqualis-africano,available,Unidade,65.9,,,https://images.tcdn.com.br/img/img_prod/350075/muda_de_quisqualis_africano_18891_1_6a836b41931e76d30b672247e2c0c6cf.jpg
Kit Meu Pé de Lichia Bengal com Vaso 28 litros,https://www.plantei.com.br/kit-meu-pe-de-lichia-bengal-com-vaso-28-litros,available,Unidade,322.5,,,https://images.tcdn.com.br/img/img_prod/350075/kit_meu_pe_de_lichia_bengal_com_vaso_28_litros_11821_1_8ffe87585870655e61f67ee819f5121d_20220412115745.jpg
Cutite ou Cutitiribá,https://www.plantei.com.br/plantas/frutiferas/cutite-ou-cutitiriba,available,Unidade,72.95,,,https://images.tcdn.com.br/img/img_prod/350075/cutite_ou_cutitirib_1_20250731154339_57ab7617711f.jpg
Kit Meu Pé de Mirtilo Blueberry Climax com Vaso 28 litros,https://www.plantei.com.br/kit-meu-pe-de-mirtilo-blueberry-climax-com-vaso-28-litros,available,Unidade,365.0,,,https://images.tcdn.com.br/img/img_prod/350075/kit_meu_pe_de_mirtilo_blueberry_climax_com_vaso_28_litros_11823_1_77ef6be0f21351fa8815ed2ae83eb501_20220412115745.jpg
Aroeira Pimenteira,https://www.plantei.com.br/plantas/frutiferas/aroeira-pimenteira,available,Unidade,46.4,49.9,,https://images.tcdn.com.br/img/img_prod/350075/aroeira_pimenteira_1_20251017114147_2b612edede54.png
Bilimbi ou Biribiri,https://www.plantei.com.br/plantas/frutiferas/bilimbi-ou-biribiri,available,Unidade,83.9,,,https://images.tcdn.com.br/img/img_prod/350075/bilimbi_ou_biribiri_1_20250731155506_73d06c52fa5c.jpg
Orquídea Cymbidium Variada Pote 18,https://www.plantei.com.br/muda-de-orquidea-cymbidium-variada,available,Unidade,76.47,,,https://images.tcdn.com.br/img/img_prod/350075/muda_de_orquidea_cymbidium_variada_pote_17_18285_2_d7cb7dd733d9df95731352de625b2974.jpg
Zamioculca Zenzi,https://www.plantei.com.br/plantas/folhagens/zamioculca-zenzi,available,Unidade,146.9,,,https://images.tcdn.com.br/img/img_prod/350075/zamioculca_zenzi_1_20251119173736_a59b683a2162.jpg
Chapéu de Praia,https://www.plantei.com.br/plantas-naturais/chapeu-de-praia,available,Unidade,52.71,59.9,,https://images.tcdn.com.br/img/img_prod/350075/chapu_de_praia_1_20251104111937_d974292af530.png
Kit Meu Pé de Fruta do Sabiá com Vaso 28 litros,https://www.plantei.com.br/kit-meu-pe-de-fruta-do-sabia-com-vaso-28-litros,available,Unidade,322.5,,,https://images.tcdn.com.br/img/img_prod/350075/kit_meu_pe_de_fruta_do_sabia_com_vaso_28_litros_11825_1_9baf56acfe765d7d7f44184812fbc5b4_20220412115745.jpg
Ginkgo biloba,https://www.plantei.com.br/plantas/medicinais/ginkgo-biloba,available,Unidade,125.9,,,https://images.tcdn.com.br/img/img_prod/350075/ginkgo_biloba_1_20251121132649_924d16bbf3f2.jpg
Samambaia Americana Cuia 21,https://www.plantei.com.br/muda-de-samambaia-americana-cuia-21,soldout,,,,,https://images.tcdn.com.br/img/img_prod/350075/samambaia_americana_8677_1_20220412114309.jpg
Rosa do Deserto Cor Sortida (Adenium obesum),https://www.plantei.com.br/muda-de-rosa-do-deserto-cores-sortidas-pote-15,soldout,,,,,https://images.tcdn.com.br/img/img_prod/350075/rosa_do_deserto_cor_sortida_pote_15_1_20260115083955_e2d9cee6fe9d.jpg
Antúrio Vermelho Pote 12,https://www.plantei.com.br/anthurium-vermelho-pote-12,soldout,,,,,https://images.tcdn.com.br/img/img_prod/350075/anthurium_vermelho_pote_12_9448_1_20220412114301.jpg
Acerola Gigante,https://www.plantei.com.br/muda-de-acerola-gigante,soldout,,,,,https://images.tcdn.com.br/img/img_prod/350075/muda_de_acerola_gigante_50cm_feita_de_semente_6035_1_20220412114217.jpg
Cereja Europeia,https://www.plantei.com.br/muda-de-cereja-europeia,soldout,,,,,https://images.tcdn.com.br/img/img_prod/350075/muda_de_cereja_europeia_80cm_feita_de_enxerto_6837_1_20220412114219.jpg
Clorofito,https://www.plantei.com.br/mudas/folhagens/muda-de-clorofito,soldout,,,,,https://images.tcdn.com.br/img/img_prod/350075/muda_de_clorofito_pote_15_15819_1_30a392f748b8c2afbdef9eef97d50e20.jpg
Amora Americana ou Blackberry,https://www.plantei.com.br/muda-de-amora-americana-blackberry,soldout,,,,,https://images.tcdn.com.br/img/img_prod/350075/muda_de_amora_americana_ou_blackberry_produzindo_3533_1_20220412114217.jpg
Palmeira Chamaedorea Elegans Pote 11,https://www.plantei.com.br/mudas/palmeiras/palmeira-chamaedorea-elegans-pote-11,soldout,,,,,https://images.tcdn.com.br/img/img_prod/350075/palmeira_chamaedorea_elegans_pote_11_16367_1_9c21fd650701c06dc3e04d5c84e8022c.jpg
Jabuticaba Híbrida,https://www.plantei.com.br/muda-de-jabuticaba-hibrida,soldout,,,,,https://images.tcdn.com.br/img/img_prod/350075/muda_de_jabuticaba_hibrida_330_1_ba8c69ee117cc61e8fbc09d21804186c.jpg
Caqui Rama Forte,https://www.plantei.com.br/muda-de-caqui-rama-forte,soldout,,,,,https://images.tcdn.com.br/img/img_prod/350075/muda_de_caqui_rama_forte_1m_feita_de_enxerto_6433_1_20220412114217.jpg
Hibisco Cor Sortida,https://www.plantei.com.br/mudas/paisagismo/muda-de-hibisco-cor-sortida,soldout,,,,,https://images.tcdn.com.br/img/img_prod/350075/muda_de_hibisco_cor_sortida_pote_13_7923_1_57992693f2a9570e3c19c5de68d2a8f9.jpg
Samambaia Renda Francesa Cuia 21,https://www.plantei.com.br/renda-francesa-cuia-21,soldout,,,,,https://images.tcdn.com.br/img/img_prod/350075/renda_francesa_cuia_21_9704_1_20220412114309.jpg
Suculenta Orelha de Shrek Pote 06,https://www.plantei.com.br/muda-de-suculenta-orelha-de-shrek,soldout,,,,,https://images.tcdn.com.br/img/img_prod/350075/muda_de_suculenta_orelha_de_shrek_pote_06_17111_1_10f2db68bb396e1b0fa25e9af91d681b.jpg
Fruta do Conde,https://www.plantei.com.br/muda-de-fruta-do-conde,soldout,,,,,https://images.tcdn.com.br/img/img_prod/350075/muda_de_fruta_do_conde_com_60cm_feita_de_semente_5073_1_20220412114217.jpg
Mini Espada de São Jorge Sansevieria Variado Pote 11,https://www.plantei.com.br/muda-de-sansevieria-variado,soldout,,,,,https://images.tcdn.com.br/img/img_prod/350075/muda_de_sansevieria_variado_pote_11_18247_1_fdd4ff6a8a5417409d664fc0219afb5e.jpg
Peperômia Marmorata Cuia 21,https://www.plantei.com.br/mudas/folhagens/muda-de-peperomia-marmorata-cuia-21,soldout,,,,,https://images.tcdn.com.br/img/img_prod/350075/muda_de_peperomia_marmorata_cuia_21_16721_1_81313978c3c4115ce7926cf84ece16a8.jpg
Ceropegia Woodii Corações Emaranhados Cuia 13,https://www.plantei.com.br/mudas/folhagens/ceropegia-woodii-coracao-emaranhado-cuia-13,soldout,,,,,https://images.tcdn.com.br/img/img_prod/350075/muda_de_ceropegia_woodii_coracoes_emaranhados_cuia_13_16691_1_e08968c2b23892d6ebae1f187e942f3c.jpg
Lichia Kwai Mai Pink para climas quentes,https://www.plantei.com.br/muda-de-lichia-kwai-mai-pink,soldout,,,,,https://images.tcdn.com.br/img/img_prod/350075/muda_de_lichia_kwai_mai_pink_1_30m_feita_por_alporque_7105_1_20220412114220.jpg
Ficus Elastica Ruby Pote 17,https://www.plantei.com.br/muda-de-ficus-elastica-ruby,soldout,,,,,https://images.tcdn.com.br/img/img_prod/350075/muda_de_ficus_elastica_ruby_pote_17_18251_1_d53ce7ffe9240ec44625b6c0094d67ee.jpg
Guabiroba do Cerrado ou Gabiroba do Campo,https://www.plantei.com.br/muda-de-gabiroba-do-campo,soldout,,,,,https://images.tcdn.com.br/img/img_prod/350075/muda_de_gabiroba_do_campo_feita_de_semente_1525_1_59912fc11b7c7dbc6fdabb49dc4b80e3.jpg
Pêssego Pingo de Mel,https://www.plantei.com.br/muda-de-pessego-pingo-de-mel,soldout,,,,,https://images.tcdn.com.br/img/img_prod/350075/muda_de_pessego_produzindo_pessegueiro_prunus_persica_162_2_20220412114212.jpg
Jacarandá Mimoso Roxo,https://www.plantei.com.br/muda-de-jacaranda-mimoso-roxo,soldout,,,,,https://images.tcdn.com.br/img/img_prod/350075/muda_de_jacaranda_mimoso_roxo_feita_de_semente_12157_1_20220412114305.jpg
Rambutã,https://www.plantei.com.br/muda-de-rambuta,soldout,,,,,https://images.tcdn.com.br/img/img_prod/350075/muda_de_rambuta_2641_1_20220412114222.jpg
Ficus Elastica Burgundy,https://www.plantei.com.br/mudas-de-ficus-elastica-burgundy-velling,soldout,,,,,https://images.tcdn.com.br/img/img_prod/350075/muda_de_ficus_elastica_burgundy_18167_1_0433eb22f38ca1ecc30d3e7d0a78290f.jpg
Philodendron Pacová Philodendro,https://www.plantei.com.br/mudas/folhagens/muda-de-philodendron-pacova-pote-15,soldout,,,,,https://images.tcdn.com.br/img/img_prod/350075/muda_de_philodendron_pacova_pote_20_philodendro_16033_1_2c0b256d23d46aa28e4851031e6f957a.jpg
Ameixa Europeia,https://www.plantei.com.br/muda-de-ameixa-europeia,soldout,,,,,https://images.tcdn.com.br/img/img_prod/350075/muda_de_ameixa_europeia_80cm_feita_de_enxerto_6839_1_20220412114218.jpg
Espada de São Jorge Sansevieria Variada Pote 20,https://www.plantei.com.br/espada-de-sao-jorge-sansevieria,soldout,,,,,https://images.tcdn.com.br/img/img_prod/350075/muda_de_espada_de_sao_jorge_sansevieria_variada_pote_20_11587_1_26bbe41e3920bc2845ec9108205e41e9.jpg
Ametista Pote 14,https://www.plantei.com.br/mudas/muda-de-ametista,soldout,,,,,https://images.tcdn.com.br/img/img_prod/350075/muda_de_ametista_16877_1_31498e582fb10416a5c96a705a65de83.jpg
Aspargo Real Pote 15,https://www.plantei.com.br/muda-de-aspargo-real,soldout,,,,,https://images.tcdn.com.br/img/img_prod/350075/muda_de_aspargo_real_pote_15_15097_1_ea7c57bd85ba7337db8e42b416c35af4.png
Lágrima de Cristo Pote 14,https://www.plantei.com.br/mudas/trepadeiras/lagrima-de-cristo-pote-14,soldout,,,,,https://images.tcdn.com.br/img/img_prod/350075/muda_de_lagrima_de_cristo_pote_14_17419_1_6a140f6c50eba540ffe3538db3a2d2a9.jpg
Suculenta Pata de Urso Pote 06,https://www.plantei.com.br/mudas/suculentas/suculenta-pata-de-urso-pote-06,soldout,,,,,https://images.tcdn.com.br/img/img_prod/350075/muda_de_suculenta_pata_de_urso_pote_06_17109_1_1e39aed18426c5583ff5235fc58349ac.jpg
Samambaia de Metro Holandesa,https://www.plantei.com.br/mudas/folhagens/muda-de-samambaia-de-metro-holandesa,soldout,,,,,https://images.tcdn.com.br/img/img_prod/350075/muda_de_samambaia_de_metro_holandesa_cuia_25_16405_1_f83173497e0f6fd078119b94d1787e43.jpg
Peperômia Caperata Cuia 21,https://www.plantei.com.br/mudas/folhagens/peperomia-caperata-cuia-21,soldout,,,,,https://images.tcdn.com.br/img/img_prod/350075/muda_de_peperomia_caperata_cuia_21_16717_1_66348c727a0732cefede3053456fab78.jpg
Peperômia Polybotrya Raindrop,https://www.plantei.com.br/mudas/folhagens/muda-de-peperomia-polybotrya-raindrop,soldout,,,,,https://images.tcdn.com.br/img/img_prod/350075/muda_de_peperomia_polybotrya_raindrop_pote_14_17599_1_79a41756f39b7537d2e6e1bbd2373f92.jpg
Jabuticabeira Híbrida Precoce - Produção Rápida em Pequenos Espaços,https://www.plantei.com.br/muda-jabuticabeira-hibrida-precoce,soldout,,,,,https://images.tcdn.com.br/img/img_prod/350075/jabuticabeira_hibrida_precoce_producao_rapida_em_pequenos_espacos_18063_1_2df8afcfbbf8986d6fe1d03927b670ab.jpg
Peperômia Golden Cuia 21,https://www.plantei.com.br/mudas/folhagens/muda-de-peperomia-golden-cuia-21,soldout,,,,,https://images.tcdn.com.br/img/img_prod/350075/muda_de_peperomia_golden_cuia_21_16719_1_30e695542d0e62875b89e14fe7168b8a.jpg
Oliveira,https://www.plantei.com.br/muda-de-oliveira,soldout,,,,,https://images.tcdn.com.br/img/img_prod/350075/muda_de_oliveira_1m_feita_de_estaca_6435_1_20220412114217.jpg
Samambaia Hilli,https://www.plantei.com.br/mudas/folhagens/muda-de-samambaia-hilli,soldout,,,,,https://images.tcdn.com.br/img/img_prod/350075/muda_de_samambaia_hilli_cuia_21_16403_1_8d951ac8150fb0b58c88e2e8cfedba2c.jpg
Suculenta Coração Partido Pote 06,https://www.plantei.com.br/mudas/suculentas-e-cactos/muda-de-suculenta-coracao-partido-pote-06-corpuscularia-lehmannii,soldout,,,,,https://images.tcdn.com.br/img/img_prod/350075/muda_de_suculenta_coracao_partido_pote_06_corpuscularia_lehmannii_18745_1_43c04908d284a34d4011c8ee618280b6.jpeg
Antúrio Black Pote 12,https://www.plantei.com.br/mudas/flores/muda-de-anturio-black-pote-12,soldout,,,,,https://images.tcdn.com.br/img/img_prod/350075/muda_de_anturio_black_pote_12_16845_1_f3a386c2a6fc0793eb321fb4afd8b98a.jpg
Seriguela ou Ceriguela,https://www.plantei.com.br/muda-de-seriguela,soldout,,,,,https://images.tcdn.com.br/img/img_prod/350075/muda_de_seriguela_feita_por_estaca_9732_1_20220412114239.jpg
Manga Tommy,https://www.plantei.com.br/muda-de-manga-tommy-de-enxerto,soldout,,,,,https://images.tcdn.com.br/img/img_prod/350075/muda_de_manga_tommy_feita_por_enxerto_5067_1_20220412114217.jpg
Pitanga Vermelha,https://www.plantei.com.br/muda-de-pitanga-vermelha,soldout,,,,,https://images.tcdn.com.br/img/img_prod/350075/muda_de_pitanga_vermelha_feita_de_semente_12155_1_20220412114244.jpg
Maracujá Açu ou Maracujá Melão,https://www.plantei.com.br/muda-de-maracuja-acu,soldout,,,,,https://images.tcdn.com.br/img/img_prod/350075/muda_de_maracuja_acu_ou_maracuja_melao_30cm_feita_de_estaca_6425_1_20220412114217.jpg
Calabura,https://www.plantei.com.br/muda-de-calabura,soldout,,,,,https://images.tcdn.com.br/img/img_prod/350075/muda_de_calabura_atrai_passaros_80cm_feita_de_semente_7127_1_20220412114223.jpg
Pimenta Malagueta Pote 14,https://www.plantei.com.br/mudas/pimentas/muda-de-pimenta-malagueta-pote-14,soldout,,,,,https://images.tcdn.com.br/img/img_prod/350075/muda_de_pimenta_malagueta_pote_14_16841_1_12274c4f08e07b1ac3ebbf2c1ddd733f.jpg
Curry,https://www.plantei.com.br/muda-de-curry-murraya-koenigii,soldout,,,,,https://images.tcdn.com.br/img/img_prod/350075/muda_de_curry_murraya_koenigii_feita_de_semente_16531_1_063f82b3e33487521cdcc913bdb40038_20220412114256.jpg
Samambaia Marissa Cuia 21,https://www.plantei.com.br/mudas/folhagens/muda-de-samambaia-marissa-cuia-21,soldout,,,,,https://images.tcdn.com.br/img/img_prod/350075/samambaia_marissa_cuia_21_16409_1_c99ae1931cd86b41be1353f1b5559c09.jpg
Canistel Saludo,https://www.plantei.com.br/muda-de-canistel-saludo,soldout,,,,,https://images.tcdn.com.br/img/img_prod/350075/muda_de_canistel_saludo_feita_de_enxerto_3543_1_ec082ca4925b723556d1e3da63deaa5b_20220412114217.png
Maranta Pavão ou Calathea Makoyana pote 12,https://www.plantei.com.br/mudas/frutiferas/muda-de-maranta-pavao-ou-calathea-makoyana-pote-12,soldout,,,,,https://images.tcdn.com.br/img/img_prod/350075/muda_de_maranta_pavao_ou_calathea_makoyana_pote_12_15571_1_91b8bad2bac1f6c6e769b6ee2710c258_20220412114341.jpg
Antúrio Laranja Pote 12,https://www.plantei.com.br/mudas/flores/muda-de-anturio-laranja-pote-12,soldout,,,,,https://images.tcdn.com.br/img/img_prod/350075/muda_de_anturio_laranja_pote_15_17127_1_c027b157fb30516a0eff1e76d6a58d6d.jpg
Cupuaçu,https://www.plantei.com.br/muda-de-cupuacu,soldout,,,,,https://images.tcdn.com.br/img/img_prod/350075/muda_de_cupuacu_3541_1_20220412114217.jpg
Maçã Ana,https://www.plantei.com.br/muda-de-maca-ana,soldout,,,,,https://images.tcdn.com.br/img/img_prod/350075/muda_de_maca_ana_feita_por_enxerto_9586_1_20220412114239.jpg
Alocasia Black Pote 12,https://www.plantei.com.br/mudas/folhagens/muda-de-alocasia-black-pote-12,soldout,,,,,https://images.tcdn.com.br/img/img_prod/350075/muda_de_alocasia_black_pote_12_17683_1_8aa24ad6adc47906a8f7ef533ec1e9fc.jpg
Pimenta Biquinho Variada Pote 14,https://www.plantei.com.br/mudas/pimentas/muda-de-pimenta-biquinho-pote-14,soldout,,,,,https://images.tcdn.com.br/img/img_prod/350075/muda_de_pimenta_biquinho_variada_pote_14_16811_1_7f4f0e0bcfbafad9cb309d49744827b8.jpg
Canela,https://www.plantei.com.br/muda-de-canela,soldout,,,,,https://images.tcdn.com.br/img/img_prod/350075/muda_de_canela_feita_de_semente_11731_1_20220412114314.jpg
Pata de Elefante Pote 17,https://www.plantei.com.br/mudas/paisagismo/muda-de-pata-de-elefante-pote-17,soldout,,,,,https://images.tcdn.com.br/img/img_prod/350075/muda_de_pata_de_elefante_pote_17_14029_1_9d072690e3214b15cbb5dbf71ec3a329.jpg
Suculenta Yunnanensis ou Jade Chinês Pote 06,https://www.plantei.com.br/mudas/suculentas/muda-de-suculenta-yunnanensis-pote-06,soldout,,,,,https://images.tcdn.com.br/img/img_prod/350075/muda_de_suculenta_yunnanensis_ou_jade_chines_pote_06_17107_1_08d173367eea1e542a43a38ca8ace6ae.jpg
Quaresmeira Roxa,https://www.plantei.com.br/muda-de-quaresmeira-roxa,soldout,,,,,https://images.tcdn.com.br/img/img_prod/350075/muda_de_quaresmeira_roxa_80cm_feita_de_estaca_8255_1_20220412114304.jpg
Suculenta Aloe Aristata Pote 11,https://www.plantei.com.br/muda-de-suculenta-aloe-aristata,soldout,,,,,https://images.tcdn.com.br/img/img_prod/350075/muda_de_suculenta_aloe_aristata_pote_11_18289_1_e05377f32c4cbdd84799c7f66b149b44.jpg
Lichia Kaimana,https://www.plantei.com.br/muda-de-lichia-kaimana,soldout,,,,,https://images.tcdn.com.br/img/img_prod/350075/muda_de_lichia_kaimana_feita_de_alporque_10795_1_20220412114244.jpg
Samambaia Azul Cuia 21,https://www.plantei.com.br/mudas/folhagens/muda-de-samambaia-azul-cuia-21,soldout,,,,,https://images.tcdn.com.br/img/img_prod/350075/muda_de_samambaia_azul_cuia_21_16741_1_f8dd988670c54d5a11e11d1a423f76b4.jpg
Jasmim da Índia Quisqualis indica,https://www.plantei.com.br/muda-de-jasmim-da-india,soldout,,,,,https://images.tcdn.com.br/img/img_prod/350075/muda_de_jasmim_da_india_feita_de_estaca_fc_15101_1_71644d197f0ac0a3ad1e9adad16b8654_20220412114304.jpg
Pinha,https://www.plantei.com.br/muda-de-pinha-de-semente,soldout,,,,,https://images.tcdn.com.br/img/img_prod/350075/muda_de_pinha_90cm_feita_de_semente_6439_1_20220412114217.jpg
Antúrio Lilli Rosa Pote 09,https://www.plantei.com.br/plantas/flores/anturio-lilli-rosa-pote-09,soldout,,,,,https://images.tcdn.com.br/img/img_prod/350075/antrio_lilli_rosa_pote_09_1_20250812144448_14ff64f1d95f.jpeg
Abacate Geada,https://www.plantei.com.br/muda-de-abacate-geada,soldout,,,,,https://images.tcdn.com.br/img/img_prod/350075/muda_de_abacate_geada_feita_de_enxerto_10341_1_20220412114239.jpg
Pingo de Ouro,https://www.plantei.com.br/muda-de-pingo-de-ouro,soldout,,,,,https://images.tcdn.com.br/img/img_prod/350075/muda_de_pingo_de_ouro_7921_1_13e981fb73e15ce21ba42c225f836698.png
Hoya Flor de Cera Variada Cuia 21,https://www.plantei.com.br/mudas/flores/muda-de-hoya-flor-de-cera-variada-cuia-21,soldout,,,,,https://images.tcdn.com.br/img/img_prod/350075/muda_de_hoya_flor_de_cera_variada_cuia_21_16849_1_3023f8bdf4fb0bba3c7de3c9b9aff105.jpg
Antúrio Clarinervium Pote 12,https://www.plantei.com.br/mudas/folhagens/muda-de-anturio-clarinervium-pote-12,soldout,,,,,https://images.tcdn.com.br/img/img_prod/350075/muda_de_anturio_clarinervium_pote_12_18717_1_2625816bd79f9d60d7a6336df3d88676.jpeg
Philodendron Rojo Congo,https://www.plantei.com.br/muda-de-philodendron-rojo-congo-philodendro,soldout,,,,,https://images.tcdn.com.br/img/img_prod/350075/muda_de_philodendron_rojo_congo_pote_19_philodendro_18349_1_944fb78297a4f4aedafd4e15254e3821.jpg
Espada de São Jorge Sansevieria Trançada Pote 10,https://www.plantei.com.br/muda-de-espada-de-sao-jorge-trancada-pote-10,soldout,,,,,https://images.tcdn.com.br/img/img_prod/350075/muda_de_espada_de_sao_jorge_sansevieria_trancada_pote_10_12433_1_06e4c000b5c68e16fbac77568e1c2a3b.jpg
Samambaia Renda Portuguesa Cuia 21,https://www.plantei.com.br/muda-de-renda-portuguesa,soldout,,,,,https://images.tcdn.com.br/img/img_prod/350075/muda_de_renda_portuguesa_c21_18207_1_f0c2b74bccf0900745354353f3686f68.jpg
Caqui Fuyu,https://www.plantei.com.br/muda-de-caqui-fuyu,soldout,,,,,https://images.tcdn.com.br/img/img_prod/350075/muda_de_caqui_fuyu_80cm_feita_de_enxerto_7945_1_20220412114223.jpg
Manga Espada,https://www.plantei.com.br/muda-de-manga-espada,soldout,,,,,https://images.tcdn.com.br/img/img_prod/350075/muda_de_manga_espada_feita_por_enxerto_10175_1_20220412114239.jpg
Flor de Cera Hoya Kerrii Cuia 21 - Cor Sortida,https://www.plantei.com.br/muda-de-flor-de-cera-hoya-kerri,soldout,,,,,https://images.tcdn.com.br/img/img_prod/350075/muda_de_flor_de_cera_hoya_kerri_cuia_21_18347_1_79a22285e0404a1b9100c41f88181940.jpg
Carambola,https://www.plantei.com.br/muda-de-carambola-de-semente,soldout,,,,,https://images.tcdn.com.br/img/img_prod/350075/muda_de_carambola_3545_1_20220412114217.jpg
Araçá Boi,https://www.plantei.com.br/muda-de-araca-boi-feita-de-semente,soldout,,,,,https://images.tcdn.com.br/img/img_prod/350075/muda_de_araca_boi_40cm_feita_de_semente_8081_1_20220412114238.jpg
Antúrio Prince Rosa Pote 12,https://www.plantei.com.br/mudas/flores/anturio-prince-rosa-pote-12,soldout,,,,,https://images.tcdn.com.br/img/img_prod/350075/muda_de_anturio_prince_rosa_pote_12_17275_1_d258e6c043af27637e71ed7408c64b02.jpg
Dovyalis Doce,https://www.plantei.com.br/muda-de-dovyalis-doce,soldout,,,,,https://images.tcdn.com.br/img/img_prod/350075/muda_de_dovyalis_doce_feita_por_estaca_9720_1_20220412114239.jpg
Antúrio Livium Red Bicolor,https://www.plantei.com.br/muda-de-anturio-livium-red-bicolor,soldout,,,,,https://images.tcdn.com.br/img/img_prod/350075/muda_de_anthurium_livium_red_bicolor_pote_12_18249_1_923e0e5a62a7a393867ab760c3d5e2ee.jpg
Orquídea Ludisia Orquídea Pipoca,https://www.plantei.com.br/muda-de-orquidea-pipoca-ludisia-orquidea-pipoca,soldout,,,,,https://images.tcdn.com.br/img/img_prod/350075/orqudea_ludisia_orqudea_pipoca_1_20250917131904_4ebe56b9603c.jpeg
Noz Moscada,https://www.plantei.com.br/muda-de-noz-moscada,soldout,,,,,https://images.tcdn.com.br/img/img_prod/350075/muda_de_noz_moscada_25cm_feita_de_semente_5929_1_20220412114217.jpg
Chá Verde,https://www.plantei.com.br/muda-de-cha-verde,soldout,,,,,https://images.tcdn.com.br/img/img_prod/350075/muda_de_cha_verde_feita_de_semente_17391_1_1d8e34d3988b2c93443b706ab0877fc6.jpg
Jambo Amarelo,https://www.plantei.com.br/muda-de-jambo-amarelo,soldout,,,,,https://images.tcdn.com.br/img/img_prod/350075/muda_de_jambo_amarelo_feita_de_semente_7123_1_20220412114239.jpg
Bromélia Tillandsia (Bromélia Aérea / Planta do Ar),https://www.plantei.com.br/muda-de-bromelia-tillandsia,soldout,,,,,https://images.tcdn.com.br/img/img_prod/350075/muda_de_bromelia_tillandsia_pote_09_18133_1_43e9741853db3b5f6a18bf98e03fbc5b.jpeg
Cereja do Rio Grande,https://www.plantei.com.br/muda-de-cereja-do-rio-grande,soldout,,,,,https://images.tcdn.com.br/img/img_prod/350075/muda_de_cereja_do_rio_grande_1_50m_feita_de_semente_7121_1_20220412114223.jpg
Ora Pro Nóbis Dourada Pereskia Aculeata Godseffiana,https://www.plantei.com.br/muda-de-ora-pro-nobis-dourada,soldout,,,,,https://images.tcdn.com.br/img/img_prod/350075/muda_de_ora_pro_nobis_dourada_pereskia_aculeata_godseffiana_feita_por_semente_15867_1_b6de4de762573649206d6cb0f5d7f5b7_20220412114314.jpg
Antúrio Utah Roxo Pote 15,https://www.plantei.com.br/mudas/muda-de-anturio-utah-roxo-pote-15,soldout,,,,,https://images.tcdn.com.br/img/img_prod/350075/muda_de_anturio_utah_roxo_pote_15_17974_1_652bdede5fc5a32c0221a6bca413962f.jpg
Samambaia Esmeralda Cuia 21,https://www.plantei.com.br/mudas/folhagens/muda-de-samambaia-esmeralda-cuia-21,soldout,,,,,https://images.tcdn.com.br/img/img_prod/350075/muda_de_samambaia_esmeralda_cuia_21_16407_1_17f9d4d0e4920b22b0b02fb8561ed6d9.jpg
Peperômia Rubra Cuia 21,https://www.plantei.com.br/mudas/folhagens/muda-de-peperomia-rubra-cuia-21,soldout,,,,,https://images.tcdn.com.br/img/img_prod/350075/muda_de_peperomia_rubra_cuia_21_16727_1_6f9f5ae565801a757c92c86a619c51ea.jpg
Columeia Polka Cuia 21,https://www.plantei.com.br/mudas/folhagens/muda-de-columeia-polka-cuia-21,soldout,,,,,https://images.tcdn.com.br/img/img_prod/350075/muda_de_columeia_polka_cuia_21_16753_1_e21be92378b482dca1d57f30acd7c367.jpg
Suculenta Diamante Pote 06,https://www.plantei.com.br/mudas/suculentas-e-cactos/muda-de-suculenta-diamante-pote-06-pachyphytum-compactum,soldout,,,,,https://images.tcdn.com.br/img/img_prod/350075/muda_de_suculenta_diamante_p06_18751_1_31865bd0f20d02581e131cf7889950ad.jpg
Sapota do Peru ou Sapota do Solimões,https://www.plantei.com.br/muda-de-sapota-do-peru,soldout,,,,,https://images.tcdn.com.br/img/img_prod/350075/muda_de_sapota_do_peru_ou_sapota_do_solimoes_com_40cm_feita_de_semente_5049_1_20220412114217.jpg
Tuia Holandesa Pinheiro de Natal,https://www.plantei.com.br/mudas/paisagismo/muda-de-tuia-holandesa-pinheiro-de-natal,soldout,,,,,https://images.tcdn.com.br/img/img_prod/350075/tuia_holandesa_pinheiro_de_natal_1_20251118113702_5f80951cecea.jpg
Quaresmeira Rosa,https://www.plantei.com.br/muda-de-quaresmeira-rosa,soldout,,,,,https://images.tcdn.com.br/img/img_prod/350075/muda_de_quaresmeira_rosa_tibouchina_80cm_feita_de_estaca_7939_1_20220412114305.jpg
Columéia Peixinho Cuia 21,https://www.plantei.com.br/muda-de-columeia-peixinho-cuia-21,soldout,,,,,https://images.tcdn.com.br/img/img_prod/350075/muda_de_columeia_peixinho_cuia_21_7917_1_e47d63d58e74ece0a66f805e984c7f1b.jpg
Cajamanga Anã,https://www.plantei.com.br/muda-de-cajamanga-ana-semente,soldout,,,,,https://images.tcdn.com.br/img/img_prod/350075/muda_de_cajamanga_ana_50m_feita_de_semente_7115_1_20220412114222.jpg
Uvaia,https://www.plantei.com.br/muda-de-uvaia,soldout,,,,,https://images.tcdn.com.br/img/img_prod/350075/muda_de_uvaia_feita_por_semente_12309_1_20220412114244.jpg
Dracena Variada Pote 12,https://www.plantei.com.br/mudas/folhagens/muda-de-dracena-variada-pote-12,soldout,,,,,https://images.tcdn.com.br/img/img_prod/350075/muda_de_dracena_variada_pote_12_17189_1_51ffbf7a6b45ef3a69295c3852f793f7.jpg
Suculenta Echeveria Dionysos Pote 06,https://www.plantei.com.br/mudas/suculentas-e-cactos/muda-de-suculenta-echeveria-dionysos-pote-06,soldout,,,,,https://images.tcdn.com.br/img/img_prod/350075/muda_de_suculenta_echeveria_dionysos_pote_06_18771_1_c2c08c295aced3b951a96b3f7ef1eea2.jpg
Noni,https://www.plantei.com.br/muda-de-noni,soldout,,,,,https://images.tcdn.com.br/img/img_prod/350075/muda_de_noni_aproximadamente_40cm_1527_1_20220412114217.jpg
Euonymus Variado Pote 15,https://www.plantei.com.br/muda-de-euonymus-variado,soldout,,,,,https://images.tcdn.com.br/img/img_prod/350075/muda_de_euonymus_variado_pote_15_18437_1_98a86862b6bf447361cfa2db6b1c46ac.jpg
Castanha Sapucaia,https://www.plantei.com.br/muda-de-castanha-sapucaia-lecythis,soldout,,,,,https://images.tcdn.com.br/img/img_prod/350075/muda_de_castanha_sapucaia_feita_de_semente_fc_15407_1_9c2f3fec4227f10616e967a55624793b_20220412113958.jpg
Cambuci,https://www.plantei.com.br/muda-de-cambuci-campomanesia,soldout,,,,,https://images.tcdn.com.br/img/img_prod/350075/muda_de_cambuci_feita_de_semente_fc_14785_1_f6e7c7ddd675118ba6ddb9b5a43eace3_20220412114245.jpg
Tradescantia Fluminenses Tricolor Cuia 21,https://www.plantei.com.br/mudas/folhagens/tradescantia-fluminenses-tricolor-cuia-21,soldout,,,,,https://images.tcdn.com.br/img/img_prod/350075/muda_de_tradescantia_fluminenses_tricolor_cuia_21_17984_1_a10fefed189262cf3efe999e64921b14.jpg
Lumina Pote 17,https://www.plantei.com.br/mudas/folhagens/muda-de-lumina-pote-17,soldout,,,,,https://images.tcdn.com.br/img/img_prod/350075/muda_de_lumina_pote_17_18649_1_5b7eb34ee4baf412f205124bd93a697d.jpeg
Maranta Cascável ou Calathea Insignis pote 12,https://www.plantei.com.br/mudas/folhagens/muda-de-maranta-cascavel-ou-calathea-insignis-pote-12,soldout,,,,,https://images.tcdn.com.br/img/img_prod/350075/muda_de_maranta_cascavel_ou_calathea_lancifolia_pote_12_15973_1_ab91276047c4588a55b3f100b2e4e83c.jpg
Flamboyant Amarelo,https://www.plantei.com.br/muda-de-flamboyant-amarelo,soldout,,,,,https://images.tcdn.com.br/img/img_prod/350075/muda_de_flamboyant_amarelo_feito_de_semente_12351_1_20220412114305.jpg
Antúrio Rosa Pote 12,https://www.plantei.com.br/mudas/flores/anturio-rosa-pote-12,soldout,,,,,https://images.tcdn.com.br/img/img_prod/350075/muda_de_anturio_rosa_pote_12_17277_1_72a851405fa4dbe4a24e14adcffb3f89.jpg
Antúrio Plowmanii - Folhagem Exótica para Decoração Interna,https://www.plantei.com.br/muda-anturio-plowmanii,soldout,,,,,https://images.tcdn.com.br/img/img_prod/350075/muda_de_anturio_plowmanii_folhagem_exotica_para_decoracao_interna_18785_1_c6a2d4379dccc478babb54a72141e9e4.jpg
Aglaonema Pink Aurora Pote 12,https://www.plantei.com.br/muda-de-aglaonema-pink-aurora,soldout,,,,,https://images.tcdn.com.br/img/img_prod/350075/aglaonema_pink_aurora_pote_12_18215_1_6ee645d26b673f850206fd899a2ae9e2.jpeg
Antúrio Anouk Pote 15,https://www.plantei.com.br/mudas/flores/muda-de-anturio-anouk-pote-15,soldout,,,,,https://images.tcdn.com.br/img/img_prod/350075/muda_de_anturio_anouk_pote_15_17221_1_eca1c3ac209d08ec854baf06608a9d10.jpg
Bromélia Guzmania Variada Pote 14,https://www.plantei.com.br/muda-de-bromelia-guzmania-variada-pote-14,soldout,,,,,https://images.tcdn.com.br/img/img_prod/350075/bromelia_guzmania_variada_pote_14_10371_1_5c9ae368168bf3a309de73e0e2ed1e44.jpg
Unha de Gato Hera,https://www.plantei.com.br/mudas/trepadeiras/muda-de-unha-de-gato-hera,soldout,,,,,https://images.tcdn.com.br/img/img_prod/350075/muda_de_unha_de_gato_pote_17_18501_1_11dbbb377fe5e4898a5f183a9c3a2149.jpg
Columeia Rasta Cuia 21,https://www.plantei.com.br/mudas/folhagens/columeia-rasta-cuia-21,soldout,,,,,https://images.tcdn.com.br/img/img_prod/350075/muda_de_columeia_rasta_cuia_21_17013_1_88948a543d0546854ae6cccb4c08d530.jpg
Maranta ou Calathea Medallion pote 12,https://www.plantei.com.br/mudas/folhagens/muda-de-maranta-ou-calathea-medallion-pote-12,soldout,,,,,https://images.tcdn.com.br/img/img_prod/350075/muda_de_maranta_ou_calathea_medallion_pote_12_15575_2_13f535ba3e6a1e35688be8f16312cd99_20220412114357.jpg
Maranta Riscada ou Calathea Ornata Pote 12,https://www.plantei.com.br/muda-de-maranta-ou-calathea-ornata,soldout,,,,,https://images.tcdn.com.br/img/img_prod/350075/muda_de_maranta_ou_calathea_ornata_pote_12_18313_1_c557ad999eebe0feb9fea5dea099d25c.jpg
Mini Sapatinho Thunbergia coccinea,https://www.plantei.com.br/muda-de-mini-sapatinho-thunbergia,soldout,,,,,https://images.tcdn.com.br/img/img_prod/350075/muda_de_mini_sapatinho_feita_de_estaca_fc_15113_1_f131547ec2c7212c5afd159f58d987b0_20220412114310.jpg
Aglaonema Pataya P12,https://www.plantei.com.br/mudas/folhagens/muda-de-aglaonema-pataya-no-pote-12,soldout,,,,,https://images.tcdn.com.br/img/img_prod/350075/muda_de_aglaonema_pataya_no_pote_12_15809_1_380fc033bccd02dc5cd9df8943234b9e.jpg
Romã,https://www.plantei.com.br/muda-de-roma,soldout,,,,,https://images.tcdn.com.br/img/img_prod/350075/muda_de_roma_punica_granatum_80cm_feita_de_estaca_7937_1_20220412114223.jpg
Framboesa Silvestre,https://www.plantei.com.br/muda-de-framboesa-silvestre,soldout,,,,,https://images.tcdn.com.br/img/img_prod/350075/muda_de_framboesa_45cm_feita_de_estaca_7117_1_20220412114239.jpg
Orquídea Amarela e Vermelho,https://www.plantei.com.br/plantas/orquideas/orquidea-blc-asia-sunlight,soldout,,,,,https://images.tcdn.com.br/img/img_prod/350075/orqudea_blc_asia_sunlight_1_20260101102300_bfee37ad6ce1.jpg
Orquídea SLC Haw Yuan Angel,https://www.plantei.com.br/plantas/orquideas/orquidea-blc-morning-glory,soldout,,,,,https://images.tcdn.com.br/img/img_prod/350075/orqudea_blc_morning_glory_1_20260101075449_008fbc87792d.jpg
Clusia,https://www.plantei.com.br/plantas-muda-de-clusia,soldout,,,,,https://images.tcdn.com.br/img/img_prod/350075/clusia_1_20251112173444_af857ffd1c8e.jpeg
Jenipapo,https://www.plantei.com.br/muda-de-jenipapo,soldout,,,,,https://images.tcdn.com.br/img/img_prod/350075/muda_de_jenipapo_80cm_feita_de_semente_6841_1_20220412114239.jpg
Maranta ou Calathea White Fusion Pote 14,https://www.plantei.com.br/mudas/folhagens/muda-de-maranta-ou-calathea-white-fusion-pote-14,soldout,,,,,https://images.tcdn.com.br/img/img_prod/350075/muda_de_maranta_ou_calathea_white_fusion_pote_12_18623_1_0b6685cd82b97363b4b0e2c7e0344770.jpeg
Baobá Adansonia digitata,https://www.plantei.com.br/muda-de-baoba,soldout,,,,,https://images.tcdn.com.br/img/img_prod/350075/muda_de_baoba_adansonia_digitata_feita_de_semente_fc_15053_1_bd5b96656babe83d3618c63d258e48ac_20220412114305.jpg
Ingá de Metro,https://www.plantei.com.br/muda-de-inga-de-metro,soldout,,,,,https://images.tcdn.com.br/img/img_prod/350075/muda_de_inga_de_metro_feita_de_semente_9730_1_20220412114239.jpg
Guaraná,https://www.plantei.com.br/muda-de-guarana,soldout,,,,,https://images.tcdn.com.br/img/img_prod/350075/muda_de_guarana_feita_de_semente_fc_15051_1_e2b78c776eedfb3302b9c5998da2e728_20220412114249.jpg
Begônia Rex Macarena Pote 17,https://www.plantei.com.br/mudas/folhagens/muda-de-begonia-rex-macarena-pote-17,soldout,,,,,https://images.tcdn.com.br/img/img_prod/350075/muda_de_begonia_rex_macarena_pote_17_18737_1_a24b3f3bb733fe5e8f3bb7fb77eae0f6.jpg
Peperômia Tricolor Cuia 21,https://www.plantei.com.br/muda-de-peperomia-tricolor,soldout,,,,,https://images.tcdn.com.br/img/img_prod/350075/muda_de_peperomia_tricolor_cuia_21_18171_1_3d5a65b00c1f00faf218da832217dd1c.jpg
Palmeira de Madagascar Pote 19,https://www.plantei.com.br/mudas/palmeiras/muda-de-palmeira-madagascar-pote-19,soldout,,,,,https://images.tcdn.com.br/img/img_prod/350075/muda_de_palmeira_de_madagascar_pote_19_17209_2_a4ba4f82ef4e7ae6c23b617655929dd2.jpeg
Aglaonema Queen P12,https://www.plantei.com.br/mudas/folhagens/muda-de-aglaonema-queen-no-pote-12,soldout,,,,,https://images.tcdn.com.br/img/img_prod/350075/muda_de_aglaonema_queen_no_pote_12_15813_1_54e9cddc0863468db57133251513e0d2.jpg
Neem Indiano,https://www.plantei.com.br/muda-de-neem-indiano,soldout,,,,,https://images.tcdn.com.br/img/img_prod/350075/muda_de_neem_indiano_feita_de_semente_14119_1_20220412114314.jpg
Urucum Colorau,https://www.plantei.com.br/muda-de-urucum-colorau,soldout,,,,,https://images.tcdn.com.br/img/img_prod/350075/muda_de_colorau_feita_de_semente_12151_1_20220412114242.jpg
Uva Itália,https://www.plantei.com.br/muda-de-uva-italia,soldout,,,,,https://images.tcdn.com.br/img/img_prod/350075/muda_de_uva_italia_1m_feita_de_enxerto_6041_1_20220412114223.jpg
Hibisco Dobrado Cor Sortida Pote 15,https://www.plantei.com.br/plantas/paisagismo/hibisco-dobrado-cor-sortida-pote-15,soldout,,,,,https://images.tcdn.com.br/img/img_prod/350075/hibisco_dobrado_cor_sortida_pote_15_18909_1_6f301cb448e48f8e5dbcf89adf4875dd.png
Suculenta Silver Star - Graptopetalum Filiferum Pote 06,https://www.plantei.com.br/mudas/suculentas-e-cactos/muda-de-suculenta-graptopetalum-filiferum-pote-06,soldout,,,,,https://images.tcdn.com.br/img/img_prod/350075/muda_de_suculenta_graptopetalum_filiferum_pote_06_18779_1_859314418b46bbc7613bf720ed348899.jpg
Zamioculca Black - Folhagem Escura e Elegante,https://www.plantei.com.br/zamioculca-black,soldout,,,,,https://images.tcdn.com.br/img/img_prod/350075/zamioculca_black_pote_14_17085_1_9d52fb3c3ec6e5d8c33b84b27d318a66.jpeg
Manga Ubá,https://www.plantei.com.br/muda-de-manga-uba,soldout,,,,,https://images.tcdn.com.br/img/img_prod/350075/muda_de_manga_uba_60cm_feita_de_semente_7649_1_20220211124453.jpg
Manga Itamaracá,https://www.plantei.com.br/muda-de-manga-itamaraca,soldout,,,,,https://images.tcdn.com.br/img/img_prod/350075/muda_de_manga_itamaraca_feita_de_enxerto_fc_15413_1_0a97bd87c18472ddfa91b1b0baf8d5c7_20220412114250.jpg
Abacate Fortuna,https://www.plantei.com.br/muda-de-abacate-fortuna,soldout,,,,,https://images.tcdn.com.br/img/img_prod/350075/muda_de_abacate_fortuna_feita_de_enxerto_10917_1_20220412114240.jpg
Cereja Flor Cerejeira Sakura,https://www.plantei.com.br/muda-de-cereja-flor,soldout,,,,,https://images.tcdn.com.br/img/img_prod/350075/cereja_flor_1_20250731173730_4ab8e26ee400.jpg
Espinheira Santa,https://www.plantei.com.br/muda-de-espinheira-santa,soldout,,,,,https://images.tcdn.com.br/img/img_prod/350075/muda_de_espinheira_santa_feita_de_semente_12437_2_510ac519f9daa4832f3c87463bee09d1.jpg
Sapoti,https://www.plantei.com.br/muda-de-sapoti-de-semente,soldout,,,,,https://images.tcdn.com.br/img/img_prod/350075/muda_de_sapoti_feita_de_semente_fc_14841_1_3eca199e069b6d05bacbbb2550e9d125_20220412114247.jpg
Marmelo do Campo ou Marmelo do Cerrado,https://www.plantei.com.br/muda-de-marmelo-do-campo,soldout,,,,,https://images.tcdn.com.br/img/img_prod/350075/muda_de_marmelo_do_campo_feita_de_semente_fc_14817_1_ee85d8546c1f65f2116ed84b0828c408_20220412114245.jpg
Manga Extrema,https://www.plantei.com.br/muda-de-manga-extrema,soldout,,,,,https://images.tcdn.com.br/img/img_prod/350075/muda_de_manga_extrema_feita_de_enxerto_16747_1_bb5ab157805339770f94989e6184c29b.jpg
Açaí,https://www.plantei.com.br/muda-de-acai,soldout,,,,,https://images.tcdn.com.br/img/img_prod/350075/muda_de_acai_pai_degua_feita_de_semente_15081_1_f17ee066528c0a39a6d9500b30ff1f63_20220412114250.jpg
Cagaita,https://www.plantei.com.br/muda-de-cagaita-eugenia,soldout,,,,,https://images.tcdn.com.br/img/img_prod/350075/muda_de_cagaita_feita_de_semente_fc_14801_1_9af1db0fdce1cad123b0657b6eb75923_20220412114245.jpg
Louro (Laurus nobilis) - Cultivo Fácil para Tempero Natural,https://www.plantei.com.br/muda-louro-laurus-nobilis,soldout,,,,,https://images.tcdn.com.br/img/img_prod/350075/muda_de_louro_laurus_nobilis_cultivo_facil_para_tempero_natural_18823_1_4802f72ea241f4229e56ef9b86e60d94.jpg
Mangostão ou Mangostim,https://www.plantei.com.br/muda-de-mangostao-ou-mangostim,soldout,,,,,https://images.tcdn.com.br/img/img_prod/350075/muda_de_mangostin_feita_de_semente_10195_1_20220412114239.jpg
Magnólia Branca,https://www.plantei.com.br/muda-de-magnolia-branca,soldout,,,,,https://images.tcdn.com.br/img/img_prod/350075/muda_de_magnolia_branca_feita_de_semente_fc_15055_1_4d7e0470946dbed435f7f31df936c808_20220412114310.jpg
Coité,https://www.plantei.com.br/muda-de-coite,soldout,,,,,https://images.tcdn.com.br/img/img_prod/350075/muda_de_coite_feita_de_semente_fc_15405_1_681d2d45b98f47283f8cfeee3705f454_20220412114250.jpg
Abiu Piloso,https://www.plantei.com.br/muda-de-abiu-piloso-feita-de-semente,soldout,,,,,https://images.tcdn.com.br/img/img_prod/350075/muda_de_abiu_piloso_feita_de_semente_14179_1_1620133f0cac614aa051d3af53c62310.jpg
Orquídea Sapatinho ou Orquídea Paphiopedilum,https://www.plantei.com.br/muda-de-orquidea-sapatinho,soldout,,,,,https://images.tcdn.com.br/img/img_prod/350075/muda_de_orquidea_sapatinho_ou_orquidea_paphiopedilum_17425_1_02e74f4978344d6d9bce37638f6c45e8.jpg
Abacate Pollock ou Fulcks,https://www.plantei.com.br/muda-de-abacate-pollock-fulcks,soldout,,,,,https://images.tcdn.com.br/img/img_prod/350075/muda_de_abacate_pollock_feita_de_enxerto_16527_1_9853feea715e5f9f96930bdc63c87815_20220412114250.jpg
Mini Cajá,https://www.plantei.com.br/muda-de-mini-caja,soldout,,,,,https://images.tcdn.com.br/img/img_prod/350075/muda_de_mini_caja_spondi_dulcis_feita_de_semente_15045_1_753d1777fa15e5da1f54269aa9f04364.jpg
Guabiju,https://www.plantei.com.br/muda-de-guabiju,soldout,,,,,https://images.tcdn.com.br/img/img_prod/350075/muda_de_guabiju_feita_de_semente_14849_1_71d6b55caf866fd0ebbd7eb95c6be700.jpg
Uva Thompson,https://www.plantei.com.br/muda-de-uva-thompson,soldout,,,,,https://images.tcdn.com.br/img/img_prod/350075/muda_de_uva_thompson_feita_de_enxerto_11733_1_20220412114245.jpg
Aglaonema Lawan P12,https://www.plantei.com.br/mudas/folhagens/aglaonema-lawan-p12,soldout,,,,,https://images.tcdn.com.br/img/img_prod/350075/aglaonema_lawan_p12_18525_5_0e1df386f7bb7ec8638dc5f333ee2c9c.jpg
Uva Moscatel,https://www.plantei.com.br/muda-de-uva-moscatel,soldout,,,,,https://images.tcdn.com.br/img/img_prod/350075/muda_de_uva_moscatel_80cm_feita_de_enxerto_7703_1_20220412114223.jpg
Antúrio Scherzerianum 'Christine' (Rabinho-de-Porco),https://www.plantei.com.br/plantas/flores/anturio-scherzerianum-christine-rabinho-de-porco,soldout,,,,,https://images.tcdn.com.br/img/img_prod/350075/anturio_scherzerianum_christine_ou_anturio_rabinho_de_porco_pote_15_18917_1_3cca09b4caa7f6049712a2ad06b82208.jpg
Goiaba Branca,https://www.plantei.com.br/muda-de-goiaba-branca,soldout,,,,,https://images.tcdn.com.br/img/img_prod/350075/muda_de_goiaba_branca_feita_por_estaca_12347_1_20220412114244.jpg
Araticum,https://www.plantei.com.br/muda-de-araticum,soldout,,,,,https://images.tcdn.com.br/img/img_prod/350075/muda_de_araticum_feita_de_semente_15957_1_87e2a1b95e45d9e2c4f09098988cc6a2_20220412114250.jpg
Araçá Amarelo,https://www.plantei.com.br/muda-de-araca-amarelo-psidium-cattleyanum,soldout,,,,,https://images.tcdn.com.br/img/img_prod/350075/muda_de_araca_amarelo_feita_de_semente_fc_15039_1_5becdd3381488edb00688a07c3cc9f40_20220412114003.jpg
Figo Bronzeado,https://www.plantei.com.br/muda-de-figo-bronzeado,soldout,,,,,https://images.tcdn.com.br/img/img_prod/350075/muda_de_figo_bronzeado_feita_de_estaca_14857_1_ac5d108b7a3a83a818ddb96d57a206d5_20220412114247.jpg
Manga Ouro,https://www.plantei.com.br/muda-de-manga-ouro,soldout,,,,,https://images.tcdn.com.br/img/img_prod/350075/muda_de_manga_ouro_feita_de_enxerto_fc_15415_1_c370e22af34a24835f3bf99172a1b65e_20220412114250.jpg
Gardênia ou Jasmim do Cabo Pote 15,https://www.plantei.com.br/plantas/flores/gardenia-ou-jasmim-do-cabo-pote-15,soldout,,,,,https://images.tcdn.com.br/img/img_prod/350075/gardenia_ou_jasmim_do_cabo_pote_15_18915_1_b89dbdf08a9db02eeee4bbcf1294e6ca.jpg
Castanha Baru,https://www.plantei.com.br/muda-de-castanha-baru-dipteryx,soldout,,,,,https://images.tcdn.com.br/img/img_prod/350075/muda_de_castanha_baru_feita_de_semente_fc_15403_1_0f4fd8d7d9c32dd299c25277460983b4_20220412114250.jpg
Manga Tinfan,https://www.plantei.com.br/mudas/frutiferas/muda-de-manga-tinfan,soldout,,,,,https://images.tcdn.com.br/img/img_prod/350075/muda_de_manga_tinfan_18865_1_fd96ff3923c890cb5cb1648159c49d9d.jpg
Resedá Rosa Gigante Banaba,https://www.plantei.com.br/muda-de-reseda-rosa-gigante-banaba,soldout,,,,,https://images.tcdn.com.br/img/img_prod/350075/muda_de_reseda_rosa_gigante_banaba_feita_de_semente_11565_1_20220412114304.jpg
Cajá Mirim,https://www.plantei.com.br/muda-de-caja-mirim,soldout,,,,,https://images.tcdn.com.br/img/img_prod/350075/muda_de_caja_mirim_feita_de_semente_10197_1_20220412114244.jpg
Aglaonema Tricolor P12,https://www.plantei.com.br/mudas/folhagens/aglaonema-tricolor-p12,soldout,,,,,https://images.tcdn.com.br/img/img_prod/350075/aglaonema_tricolor_p12_18537_1_fdffdc59fd37f4915d457666562ed46f.png
Dracena Lucky Bamboo Bambu da Sorte Pote 12,https://www.plantei.com.br/mudas/folhagens/muda-de-dracena-lucky-bamboo-bambu-da-sorte-pote-12,soldout,,,,,https://images.tcdn.com.br/img/img_prod/350075/muda_de_dracena_lucky_bamboo_bambu_da_sorte_pote_12_16751_1_2aa07e9243429b2b874e4023624357d7.jpg
Moreia Branca Pote 20,https://www.plantei.com.br/muda-de-moreia-branca,soldout,,,,,https://images.tcdn.com.br/img/img_prod/350075/muda_de_moreia_branca_pote_20_12567_1_64cd70d245ed8d3277bc758a7e75cdd0_20220412114302.jpg
Alocasia Cuprea Pulmão de Aço Pote 12,https://www.plantei.com.br/mudas/folhagens/muda-de-alocasia-cuprea-pulmao-de-aco-pote-12,soldout,,,,,https://images.tcdn.com.br/img/img_prod/350075/muda_de_alocasia_cuprea_pulmao_de_aco_pote_12_18731_1_285cb4bc5d2ad4bb3010683fa3ef6163.jpeg
Araçá Piranga,https://www.plantei.com.br/muda-de-araca-piranga,soldout,,,,,https://images.tcdn.com.br/img/img_prod/350075/muda_araca_piranga_feita_de_semente_17377_1_ebd915262074a3f1fe8d7c00dfbc558d.jpg
Manga Oliveira Neto,https://www.plantei.com.br/muda-de-manga-oliveira-neto,soldout,,,,,https://images.tcdn.com.br/img/img_prod/350075/muda_de_manga_oliveira_neto_feita_de_enxerto_fc_15447_1_256dbd9a049bb5f06ab78484359718f5_20220412114251.jpg
Ceropegia Sandersonii Pote 15 Planta Paraquedas,https://www.plantei.com.br/muda-de-ceropegia-sandersonii-planta-paraquedas,soldout,,,,,https://images.tcdn.com.br/img/img_prod/350075/muda_de_ceropegia_sandersonii_pote_15_18303_1_1b020c2fc7235c713ed124a99c26d701.jpg
Cactus Sianinha Cuia 21,https://www.plantei.com.br/muda-de-cactus-sianinha,soldout,,,,,https://images.tcdn.com.br/img/img_prod/350075/muda_de_cactus_sianinha_cuia_18_18297_1_ddd2c28f0cec99ce300d8c8b67065122.jpg
Espada de São Jorge Black Gold - Folhagem Escura com Borda Dourada,https://www.plantei.com.br/espada-de-sao-jorge-black-gold,soldout,,,,,https://images.tcdn.com.br/img/img_prod/350075/espada_de_so_jorge_sansevieria_trifasciata_black_g_1_20250812151352_e22e35ae3754.jpg
Aglaonema Pink Dalmatian P12,https://www.plantei.com.br/mudas/folhagens/aglaonema-pink-dalmatian-p12,soldout,,,,,https://images.tcdn.com.br/img/img_prod/350075/aglaonema_pink_dalmatian_p12_18529_1_4c146a6cdffe05e3a3ea5013f2f7c96e.png
Mil Cores Pote 14,https://www.plantei.com.br/mudas/paisagismo/muda-de-mil-cores-pote-14,soldout,,,,,https://images.tcdn.com.br/img/img_prod/350075/muda_de_mil_cores_pote_14_18539_1_cf11133de8d7b5723f40f76d231ce080.jpg
Bacupari Miúdo,https://www.plantei.com.br/muda-de-bacupari-miudo-garcinia,soldout,,,,,https://images.tcdn.com.br/img/img_prod/350075/muda_de_bacupari_miudo_feita_de_semente_fc_15083_1_c1469324f273aa0cbc8124e6dd86c530_20220412114250.jpg
Íris Pote 19,https://www.plantei.com.br/mudas/flores/muda-de-iris-pote-19,soldout,,,,,https://images.tcdn.com.br/img/img_prod/350075/muda_de_iris_pote_24_17834_1_65706b0ae68d83fc8d2d32f2372e831c.jpg
Suculenta Echeveria Lolla,https://www.plantei.com.br/plantas/suculentas/suculenta-echeveria-lolla,soldout,,,,,https://images.tcdn.com.br/img/img_prod/350075/suculenta_echeveria_lolla_1_20250920094201_61ac71835922.png
Rosa do Deserto Dobrada Amarela,https://www.plantei.com.br/rosa-do-deserto-dobrada-amarela,soldout,,,,,https://images.tcdn.com.br/img/img_prod/350075/rosa_do_deserto_dobrada_amarela_18911_1_cfc5822b2f6738c29003f425faebee51.jpg
Guaco,https://www.plantei.com.br/muda-de-guaco,soldout,,,,,https://images.tcdn.com.br/img/img_prod/350075/muda_de_guaco_feita_de_estaca_18197_2_0c110fd0cf31b6b492a5f8ca98a52c1b.jpg
Sete Léguas,https://www.plantei.com.br/muda-de-sete-leguas,soldout,,,,,https://images.tcdn.com.br/img/img_prod/350075/muda_de_sete_leguas_feita_de_semente_16875_4_751514093d3bd279b2e598f7e59e2677_20220412114328.jpg
Jaca,https://www.plantei.com.br/muda-de-jaca,soldout,,,,,https://images.tcdn.com.br/img/img_prod/350075/muda_de_jaca_artocarpus_heterophyllus_feita_de_semente_fc_15625_1_116107fe9f6cc9a15e05a08bed4107d5_20220412114251.jpg
Cambucá,https://www.plantei.com.br/muda-de-cambuca-marlierea,soldout,,,,,https://images.tcdn.com.br/img/img_prod/350075/muda_de_cambuca_feita_de_semente_fc_14783_1_affac830d571820525c1b6d27c61eadd_20220412114245.jpg
Noz Pecan,https://www.plantei.com.br/muda-de-noz-pecan,soldout,,,,,https://images.tcdn.com.br/img/img_prod/350075/muda_de_noz_pecan_feita_de_enxerto_16353_1_c2db8015da26665ab00dc634e38a6e6d_20220412114255.jpg
Aglaonema Creta P12,https://www.plantei.com.br/mudas/folhagens/aglaonema-creta-p12,soldout,,,,,https://images.tcdn.com.br/img/img_prod/350075/aglaonema_creta_p12_18521_3_febe28b4226976c026a87a70c34ff839.jpg
Cajú Anão,https://www.plantei.com.br/plantas/frutiferas/caju-anao,soldout,,,,,https://images.tcdn.com.br/img/img_prod/350075/caj_ano_1_20250904172913_18e1a7ee61ae.png
Camu Camu,https://www.plantei.com.br/muda-de-camu-camu-myrciaria,soldout,,,,,https://images.tcdn.com.br/img/img_prod/350075/muda_de_camu_camu_feita_de_semente_fc_14787_1_6a98d3daeb35dc3e88dfe74696eef227_20220412114245.jpg
Schefflera Gold Capella (Heptapleurum arboricola),https://www.plantei.com.br/muda-schefflera-gold-capella,soldout,,,,,https://images.tcdn.com.br/img/img_prod/350075/muda_de_schefflera_gold_capella_pote_17_18801_1_755d29da5681ff54beb8ac970496faab.jpg
Aglaonema Butterfly P12,https://www.plantei.com.br/mudas/folhagens/aglaonema-butterfly-p12,soldout,,,,,https://images.tcdn.com.br/img/img_prod/350075/aglaonema_butterfly_p12_18519_1_2c0a53e68e210921e247d551a5f9d639.png
Manga Maçã,https://www.plantei.com.br/muda-de-manga-maca,soldout,,,,,https://images.tcdn.com.br/img/img_prod/350075/muda_de_manga_maca_feita_de_enxerto_15427_1_20bf6557c614e57f01e26636b6b61dfd_20220412114250.jpg
Dracena Reflexa Song Of India,https://www.plantei.com.br/mudas/folhagens/muda-de-dracena-reflexa-song-of-india,soldout,,,,,https://images.tcdn.com.br/img/img_prod/350075/muda_de_dracena_reflexa_song_of_india_pote_17_18483_1_b2d255a196f088a30da60facb6221240.jpg
Ceropegia Woodii Variegata - Corações Emaranhados,https://www.plantei.com.br/plantas/pendentes/ceropegia-woodii-variegata-coracoes-emaranhados,soldout,,,,,https://images.tcdn.com.br/img/img_prod/350075/ceropegia_woodii_variegata_coraes_emaranhados_1_20250920090448_24b12cd6a48a.jpeg
Ameixa da Índia,https://www.plantei.com.br/muda-de-ameixa-da-india,soldout,,,,,https://images.tcdn.com.br/img/img_prod/350075/muda_de_ameixa_da_india_feita_de_semente_17389_1_aff07d5c76c4200c73e30b46017da074.png
Marolo,https://www.plantei.com.br/muda-de-marolo,soldout,,,,,https://images.tcdn.com.br/img/img_prod/350075/muda_de_marolo_verdadeiro_feita_de_semente_fc_14795_1_165da20f355556387fe0028bc5279249_20220412114245.jpg
Murici,https://www.plantei.com.br/muda-de-murici,soldout,,,,,https://images.tcdn.com.br/img/img_prod/350075/muda_de_murici_feita_de_semente_90cm_6949_1_20220412114221.jpg
Jasmim de Madagascar Variegata,https://www.plantei.com.br/muda-de-jasmim-de-madagascar-variegata,soldout,,,,,https://images.tcdn.com.br/img/img_prod/350075/muda_de_jasmim_de_madagascar_variegata_feita_de_estaca_17369_1_5a351bf0157042ef5f80ae613fba491b.jpg
Maciela,https://www.plantei.com.br/mudas/frutiferas/muda-de-maciela-strychnos-spinosa-feita-de-semente-fc,soldout,,,,,https://images.tcdn.com.br/img/img_prod/350075/muda_de_maciela_feita_de_semente_fc_14815_1_c8914bc2b188934b2f9f5d71de44a7e1_20220412114245.jpg
Guayabilla,https://www.plantei.com.br/muda-de-guayabilla-eugenia-victoriana,soldout,,,,,https://images.tcdn.com.br/img/img_prod/350075/muda_de_guayabilla_feita_de_semente_fc_14789_1_dfe30d7e3413a5acc4270446334f525e_20220412114249.jpg
Mata Pau,https://www.plantei.com.br/muda-de-mata-pau,soldout,,,,,https://images.tcdn.com.br/img/img_prod/350075/muda_de_mata_pau_feita_de_semente_fc_14847_1_18d12c8bcfaf5c528d7ae04e529ac274_20220412114305.jpg
Saputá,https://www.plantei.com.br/muda-de-saputa-sallacia-ellipitica,soldout,,,,,https://images.tcdn.com.br/img/img_prod/350075/muda_de_saputa_feita_de_semente_fc_14853_1_ac3d6724af206cdbaa1e08c9b63c4795_20220412114248.jpg
Aglaonema Red Emerald P12,https://www.plantei.com.br/mudas/folhagens/aglaonema-red-emerald-p12,soldout,,,,,https://images.tcdn.com.br/img/img_prod/350075/aglaonema_red_emerald_p12_18531_1_3682bf0510de7d42879165ec34f198d2.png
Aglaonema Red P12,https://www.plantei.com.br/mudas/folhagens/aglaonema-red-p12,soldout,,,,,https://images.tcdn.com.br/img/img_prod/350075/aglaonema_red_p12_18533_4_95bff2ec007cc9edf6c8ee4041f359a2.jpg
Aglaonema Legacy P12,https://www.plantei.com.br/mudas/folhagens/aglaonema-legacy-p12,soldout,,,,,https://images.tcdn.com.br/img/img_prod/350075/aglaonema_legacy_p12_18527_1_c8710f5546cedbed556832c6cdc82cf2.png
Araçá Pera,https://www.plantei.com.br/plantas/frutiferas/araca-pera,soldout,,,,,https://images.tcdn.com.br/img/img_prod/350075/ara_pera_1_20250829161117_2eaf6ea9c0a4.jpg
Araçá Roxo,https://www.plantei.com.br/mudas/frutiferas/muda-de-araca-roxo-feita-de-semente,soldout,,,,,https://images.tcdn.com.br/img/img_prod/350075/muda_de_araca_roxo_feita_de_semente_18753_1_7a73e6f14bec4e178a22c5b89aa347d8.jpg
Amora Paquistanesa,https://www.plantei.com.br/muda-de-amora-paquistanesa,soldout,,,,,https://images.tcdn.com.br/img/img_prod/350075/muda_de_amora_paquistanesa_feita_de_enxerto_17835_1_6ac467a31786568757ee6ab52f5f7ff9.jpeg
Jasmim de Madagascar,https://www.plantei.com.br/muda-de-jasmim-de-madagascar,soldout,,,,,https://images.tcdn.com.br/img/img_prod/350075/muda_de_jasmim_de_madagascar_feita_de_estaca_15107_1_e740b7ff9c99ff8b824160910c287a9a_20220412114304.jpg
Liquidâmbar,https://www.plantei.com.br/muda-de-liquidambar,soldout,,,,,https://images.tcdn.com.br/img/img_prod/350075/muda_de_liquidambar_feita_de_semente_17371_3_e91860e453842750da54ed83c1a5081e.jpg
Alocasia Silver Dragon,https://www.plantei.com.br/plantas/folhagens/alocasia-silver-dragon,soldout,,,,,https://images.tcdn.com.br/img/img_prod/350075/alocasia_silver_dragon_1_20251121122915_d8c14a8796df.jpeg
Acerola Comum,https://www.plantei.com.br/mudas/frutiferas/muda-de-acerola-comum,soldout,,,,,https://images.tcdn.com.br/img/img_prod/350075/muda_de_acerola_comum_18875_1_34c3809716e276a7b3add81f3b754a7d.jpg
Jambolão ou Jamelão,https://www.plantei.com.br/muda-de-jambolao,soldout,,,,,https://images.tcdn.com.br/img/img_prod/350075/jambolao_18185_1_26a70109fc7e80d3265a889ea7b32811.jpg
Kit Meu Pé de Jabuticaba 06 Anos com Vaso Safira cor Areia,https://www.plantei.com.br/mudas/kits-frutiferas-em-vaso/kit-meu-pe-de-jabuticaba-06-anos-com-vaso-safira-cor-areia,soldout,,,,,https://images.tcdn.com.br/img/img_prod/350075/kit_meu_pe_de_jabuticaba_06_anos_com_vaso_safira_cor_areia_17715_1_97ea575826bb5b00eca0640fd02b80fe.jpg
Kit Meu Pé de Amora Americana Blackberry com Vaso 28 litros,https://www.plantei.com.br/kit-meu-pe-de-amora-americana-blackberry-com-vaso-28-litros,soldout,,,,,https://images.tcdn.com.br/img/img_prod/350075/kit_meu_pe_de_amora_americana_blackberry_com_vaso_28_litros_11827_1_29faf90573bbf76247af24b613714b50_20220412115745.jpg
Boldo,https://www.plantei.com.br/muda-de-boldo,soldout,,,,,https://images.tcdn.com.br/img/img_prod/350075/muda_de_boldo_feita_de_estaca_8810_1_d1b6673f9f0abb1378d74494c92b0f77.png
Erva Mate,https://www.plantei.com.br/mudas/muda-de-erva-mate-feita-de-semente,soldout,,,,,https://images.tcdn.com.br/img/img_prod/350075/muda_de_erva_mate_feita_de_semente_18493_1_da6dc8b89d65169abb84e3248fdca244.jpg
Amora Americana ou Blackberry sem espinhos,https://www.plantei.com.br/mudas/frutiferas/muda-de-amora-americana-ou-blackberry-sem-espinhos,soldout,,,,,https://images.tcdn.com.br/img/img_prod/350075/muda_de_amora_americana_ou_blackberry_sem_espinhos_18873_2_f2df4c9cda31990e0ed3afb9583c001c.jpg
Pinhão Roxo Jatropha Gossypiifolia,https://www.plantei.com.br/plantas/medicinais/pinhao-roxo-jatropha-gossypiifolia,soldout,,,,,https://images.tcdn.com.br/img/img_prod/350075/pinho_roxo_jatropha_gossypiifolia_1_20250829170947_4bccf440d9c7.jpg
Orquídea Sapatinho Branca ou Orquídea Paphiopedilum,https://www.plantei.com.br/muda-de-orquidea-sapatinho-branca-ou-orquidea-paphiopedilum,soldout,,,,,https://images.tcdn.com.br/img/img_prod/350075/muda_de_orquidea_sapatinho_branca_ou_orquidea_paphiopedilum_18287_1_27edb4d7a5aab9d3e94a7e37285a75ff.jpg
Cacho de Marfim Buckinghamia celcissima,https://www.plantei.com.br/muda-de-cacho-de-marfim,soldout,,,,,https://images.tcdn.com.br/img/img_prod/350075/muda_de_cacho_de_marfim_feita_de_semente_fc_15075_1_775f36842ad40b08dec5b5b8d77b81c1_20220412114305.jpg
Aglaonema Rotundum P12,https://www.plantei.com.br/mudas/folhagens/aglaonema-rotundum-p12,soldout,,,,,https://images.tcdn.com.br/img/img_prod/350075/aglaonema_rotundum_p12_18535_1_a3857efc658e916220448a121e09b188.png
Kit Meu Pé de Cereja Européia com Vaso 28 litros,https://www.plantei.com.br/kit-meu-pe-de-cereja-europeia-com-vaso-28-litros,soldout,,,,,https://images.tcdn.com.br/img/img_prod/350075/kit_meu_pe_de_cereja_europeia_com_vaso_28_litros_11835_1_fb2cd2aef7b24fcf170a054a1c4a01d5_20220211135129.jpg
Aglaonema Big Papa P12,https://www.plantei.com.br/mudas/folhagens/aglaonema-big-papa-p12,soldout,,,,,https://images.tcdn.com.br/img/img_prod/350075/aglaonema_big_papa_p12_18517_1_2b615c5474e747eade0c9a5a0b7885bf.png
Euphorbia Francoisii,https://www.plantei.com.br/plantas/suculentas/euphorbia-francoisii,soldout,,,,,https://images.tcdn.com.br/img/img_prod/350075/euphorbia_francoisii_1_20250827132231_d2fd72f68bf5.png
Kit Meu Pé de Gabiroba do Campo com Vaso 28 litros,https://www.plantei.com.br/kit-meu-pe-de-gabiroba-do-campo-com-vaso-28-litros,soldout,,,,,https://images.tcdn.com.br/img/img_prod/350075/kit_meu_pe_de_gabiroba_do_campo_com_vaso_28_litros_11837_1_1dc3361fa3fea2e215a90c5a5b712d6a_20220412115753.jpg
Kit Meu Pé de Longan Fruta Olho de Dragão com Vaso 28 litros,https://www.plantei.com.br/kit-meu-pe-de-longan-fruta-olho-de-dragao-com-vaso-28-litros,soldout,,,,,https://images.tcdn.com.br/img/img_prod/350075/kit_meu_pe_de_longan_fruta_olho_de_dragao_com_vaso_28_litros_11831_1_7dcd1e62d98b48bc8c67e5589c7dbaae_20220412115746.jpg
